Team,Team_Playstyle,Lineup_Name,Minutes,Plus_Minus,Current_OFF_Archetypes,Current_DEF_Archetypes,Rec_Add_OFF,Rec_Add_DEF
NYK,Balanced / Average Style,K. Towns - O. Anunoby - J. Hart - J. Brunson,1065.538333,167.0,"Elite Post Up, High Roll Man, High Usage, Elite Off-Screen, Spot Up, Transition, High Spot Up, Transition, Elite Iso, Elite Usage, High Playmaking","Anchor Big / Rim Protector, High Steals, Versatile, Disruptor, High Steals, Versatile, Disruptor, Guards SF ()","P&R Handler, Transition, Spot Up","Versatile, High High Difficulty, Versatile, Steals"
NYK,Balanced / Average Style,K. Towns - O. Anunoby - J. Hart - M. Bridges,1318.898333,122.0,"Elite Post Up, High Roll Man, High Usage, Elite Off-Screen, Spot Up, Transition, High Spot Up, Transition, P&R Handler, Transition, Spot Up","Anchor Big / Rim Protector, High Steals, Versatile, Disruptor, High Steals, Versatile, Disruptor, High High Difficulty, Versatile, Steals","Elite Iso, Elite Usage, High Playmaking","Versatile, Guards SF ()"
NYK,Balanced / Average Style,K. Towns - J. Hart - M. Bridges - J. Brunson,1142.943333,111.0,"Elite Post Up, High Roll Man, High Usage, High Spot Up, Transition, P&R Handler, Transition, Spot Up, Elite Iso, Elite Usage, High Playmaking","Anchor Big / Rim Protector, High Steals, Versatile, Disruptor, High High Difficulty, Versatile, Steals, Guards SF ()","Elite Off-Screen, Spot Up, Transition",Versatile
NYK,Balanced / Average Style,K. Towns - J. Hart - J. Brunson - M. McBride,168.193333,97.0,"Elite Post Up, High Roll Man, High Usage, High Spot Up, Transition, Elite Iso, Elite Usage, High Playmaking, P&R Handler, Transition, Spot Up","Anchor Big / Rim Protector, High Steals, Versatile, Disruptor, Guards SF (), High High Difficulty, Versatile, Steals","Elite Off-Screen, Spot Up, Transition",Versatile
NYK,Balanced / Average Style,K. Towns - O. Anunoby - J. Hart - M. McBride,317.403333,86.0,"Elite Post Up, High Roll Man, High Usage, Elite Off-Screen, Spot Up, Transition, High Spot Up, Transition, P&R Handler, Transition, Spot Up","Anchor Big / Rim Protector, High Steals, Versatile, Disruptor, High Steals, Versatile, Disruptor, High High Difficulty, Versatile, Steals","Elite Iso, Elite Usage, High Playmaking","Versatile, Guards SF ()"
MIN,3-Point Heavy,M. Conley - R. Gobert - A. Edwards - J. McDaniels,870.631667,135.0,"P&R Handler, Transition, Spot Up, Elite Cutter, Elite Roll Man, Post Up, Elite Iso, Elite Usage, High Playmaking, High Spot Up, Transition","Guards PG (High Disruptor), Anchor Big / Rim Protector, High Steals, Versatile, Disruptor, High High Difficulty, Versatile, Steals","Elite Off-Screen, Spot Up, Transition",Versatile
MIN,3-Point Heavy,D. DiVincenzo - N. Alexander-Walker - N. Reid - A. Edwards,367.501667,108.0,"Elite Off-Screen, Spot Up, Transition, P&R Handler, Transition, Spot Up, Elite Off-Screen, Spot Up, Transition, Elite Iso, Elite Usage, High Playmaking","Guards PG (High Disruptor), High High Difficulty, Versatile, Steals, Versatile, High Steals, Versatile, Disruptor","Elite Cutter, Elite Roll Man, Post Up, High Spot Up, Transition",Anchor Big / Rim Protector
MIN,3-Point Heavy,M. Conley - R. Gobert - N. Alexander-Walker - N. Reid,227.28,107.0,"P&R Handler, Transition, Spot Up, Elite Cutter, Elite Roll Man, Post Up, P&R Handler, Transition, Spot Up, Elite Off-Screen, Spot Up, Transition","Guards PG (High Disruptor), Anchor Big / Rim Protector, High High Difficulty, Versatile, Steals, Versatile","Elite Iso, Elite Usage, High Playmaking, High Spot Up, Transition","High Steals, Versatile, Disruptor"
MIN,3-Point Heavy,R. Gobert - D. DiVincenzo - N. Alexander-Walker - N. Reid,312.963333,105.0,"Elite Cutter, Elite Roll Man, Post Up, Elite Off-Screen, Spot Up, Transition, P&R Handler, Transition, Spot Up, Elite Off-Screen, Spot Up, Transition","Anchor Big / Rim Protector, Guards PG (High Disruptor), High High Difficulty, Versatile, Steals, Versatile","Elite Iso, Elite Usage, High Playmaking, High Spot Up, Transition","High Steals, Versatile, Disruptor"
MIN,3-Point Heavy,M. Conley - R. Gobert - J. Randle - A. Edwards,783.28,92.0,"P&R Handler, Transition, Spot Up, Elite Cutter, Elite Roll Man, Post Up, Elite Post Up, High Roll Man, High Usage, Elite Iso, Elite Usage, High Playmaking","Guards PG (High Disruptor), Anchor Big / Rim Protector, Versatile, High Steals, Versatile, Disruptor","Elite Off-Screen, Spot Up, Transition, High Spot Up, Transition","High High Difficulty, Versatile, Steals"
DEN,High Pace + Rim/Midrange Focus + Transition Heavy,A. Gordon - N. Jokić - M. Porter Jr. - C. Braun,680.893333,225.0,"Elite Post Up, High Roll Man, High Usage, Elite Post Up, High Roll Man, High Usage, Elite Off-Screen, Spot Up, Transition, High Spot Up, Transition","Versatile, Anchor Big / Rim Protector, Versatile, High High Difficulty, Versatile, Steals","Elite P&R Handler, High Playmaking, High Usage, Elite Cutter, Elite Roll Man, Post Up","High Steals, Versatile, Disruptor, Guards SF ()"
DEN,High Pace + Rim/Midrange Focus + Transition Heavy,N. Jokić - J. Murray - M. Porter Jr. - C. Braun,1044.29,203.0,"Elite Post Up, High Roll Man, High Usage, Elite P&R Handler, High Playmaking, High Usage, Elite Off-Screen, Spot Up, Transition, High Spot Up, Transition","Anchor Big / Rim Protector, High High Difficulty, Versatile, Steals, Versatile, High High Difficulty, Versatile, Steals","Elite Cutter, Elite Roll Man, Post Up","High Steals, Versatile, Disruptor, Guards SF ()"
DEN,High Pace + Rim/Midrange Focus + Transition Heavy,A. Gordon - N. Jokić - J. Murray - C. Braun,548.56,172.0,"Elite Post Up, High Roll Man, High Usage, Elite Post Up, High Roll Man, High Usage, Elite P&R Handler, High Playmaking, High Usage, High Spot Up, Transition","Versatile, Anchor Big / Rim Protector, High High Difficulty, Versatile, Steals, High High Difficulty, Versatile, Steals","Elite Off-Screen, Spot Up, Transition, Elite Cutter, Elite Roll Man, Post Up","High Steals, Versatile, Disruptor, Guards SF ()"
DEN,High Pace + Rim/Midrange Focus + Transition Heavy,R. Westbrook - N. Jokić - M. Porter Jr. - C. Braun,697.02,141.0,"Elite P&R Handler, High Playmaking, High Usage, Elite Post Up, High Roll Man, High Usage, Elite Off-Screen, Spot Up, Transition, High Spot Up, Transition","High Steals, Versatile, Disruptor, Anchor Big / Rim Protector, Versatile, High High Difficulty, Versatile, Steals","Elite Cutter, Elite Roll Man, Post Up",Guards SF ()
DEN,High Pace + Rim/Midrange Focus + Transition Heavy,A. Gordon - N. Jokić - J. Murray - M. Porter Jr.,528.921667,139.0,"Elite Post Up, High Roll Man, High Usage, Elite Post Up, High Roll Man, High Usage, Elite P&R Handler, High Playmaking, High Usage, Elite Off-Screen, Spot Up, Transition","Versatile, Anchor Big / Rim Protector, High High Difficulty, Versatile, Steals, Versatile","Elite Cutter, Elite Roll Man, Post Up, High Spot Up, Transition","High Steals, Versatile, Disruptor, Guards SF ()"
DET,High Pace + Rim/Midrange Focus + Transition Heavy,T. Hardaway Jr. - C. Cunningham - J. Duren - A. Thompson,610.175,86.0,"Elite Off-Screen, Spot Up, Transition, Elite Iso, Elite Usage, High Playmaking, Elite Cutter, Elite Roll Man, Post Up, High Spot Up, Transition","Guards SF (), High Steals, Versatile, Disruptor, Anchor Big / Rim Protector, Point of Attack Stopper","Elite P&R Handler, High Playmaking, High Usage, Elite Post Up, High Roll Man, High Usage","Versatile, High High Difficulty, Versatile, Steals"
DET,High Pace + Rim/Midrange Focus + Transition Heavy,M. Beasley - C. Cunningham - J. Duren - S. Fontecchio,83.748333,66.0,"Elite Off-Screen, Spot Up, Transition, Elite Iso, Elite Usage, High Playmaking, Elite Cutter, Elite Roll Man, Post Up, High Spot Up, Transition","High High Difficulty, Versatile, Steals, High Steals, Versatile, Disruptor, Anchor Big / Rim Protector, Versatile","Elite P&R Handler, High Playmaking, High Usage, Elite Post Up, High Roll Man, High Usage",Guards SF ()
DET,High Pace + Rim/Midrange Focus + Transition Heavy,T. Harris - M. Beasley - I. Stewart - C. Cunningham,229.311667,62.0,"Elite Post Up, High Roll Man, High Usage, Elite Off-Screen, Spot Up, Transition, Elite Cutter, Elite Roll Man, Post Up, Elite Iso, Elite Usage, High Playmaking","Versatile, High High Difficulty, Versatile, Steals, Anchor Big / Rim Protector, High Steals, Versatile, Disruptor","Elite P&R Handler, High Playmaking, High Usage, High Spot Up, Transition",Guards SF ()
DET,High Pace + Rim/Midrange Focus + Transition Heavy,T. Harris - T. Hardaway Jr. - M. Beasley - C. Cunningham,319.413333,59.0,"Elite Post Up, High Roll Man, High Usage, Elite Off-Screen, Spot Up, Transition, Elite Off-Screen, Spot Up, Transition, Elite Iso, Elite Usage, High Playmaking","Versatile, Guards SF (), High High Difficulty, Versatile, Steals, High Steals, Versatile, Disruptor","Elite P&R Handler, High Playmaking, High Usage, Elite Cutter, Elite Roll Man, Post Up, High Spot Up, Transition",Anchor Big / Rim Protector
DET,High Pace + Rim/Midrange Focus + Transition Heavy,T. Harris - D. Schröder - M. Beasley - I. Stewart,83.06,56.0,"Elite Post Up, High Roll Man, High Usage, Elite P&R Handler, High Playmaking, High Usage, Elite Off-Screen, Spot Up, Transition, Elite Cutter, Elite Roll Man, Post Up","Versatile, High High Difficulty, Versatile, Steals, High High Difficulty, Versatile, Steals, Anchor Big / Rim Protector","High Spot Up, Transition","High Steals, Versatile, Disruptor, Guards SF ()"
HOU,Iso/Heliocentric + Glass Crashers,D. Brooks - A. Sengun - T. Eason - A. Thompson,214.213333,116.0,"High Spot Up, Transition, Elite Post Up, High Roll Man, High Usage, High Spot Up, Transition, P&R Handler, Transition, Spot Up","High High Difficulty, Versatile, Steals, Guards C (High Rebounding), High Steals, Versatile, Disruptor, High High Difficulty, Versatile, Steals","Elite P&R Handler, High Playmaking, High Usage","Versatile, Guards SF ()"
HOU,Iso/Heliocentric + Glass Crashers,F. VanVleet - D. Brooks - A. Sengun - J. Smith Jr.,562.485,93.0,"Elite P&R Handler, High Playmaking, High Usage, High Spot Up, Transition, Elite Post Up, High Roll Man, High Usage, High Spot Up, Transition","High High Difficulty, Versatile, Steals, High High Difficulty, Versatile, Steals, Guards C (High Rebounding), Versatile","Elite P&R Handler, High Playmaking, High Usage, P&R Handler, Transition, Spot Up",Guards SF ()
HOU,Iso/Heliocentric + Glass Crashers,D. Brooks - A. Sengun - J. Smith Jr. - A. Thompson,191.676667,85.0,"High Spot Up, Transition, Elite Post Up, High Roll Man, High Usage, High Spot Up, Transition, P&R Handler, Transition, Spot Up","High High Difficulty, Versatile, Steals, Guards C (High Rebounding), Versatile, High High Difficulty, Versatile, Steals","Elite P&R Handler, High Playmaking, High Usage",Guards SF ()
HOU,Iso/Heliocentric + Glass Crashers,D. Brooks - J. Green - A. Sengun - J. Smith Jr.,641.151667,79.0,"High Spot Up, Transition, Elite P&R Handler, High Playmaking, High Usage, Elite Post Up, High Roll Man, High Usage, High Spot Up, Transition","High High Difficulty, Versatile, Steals, Guards SF (), Guards C (High Rebounding), Versatile","Elite P&R Handler, High Playmaking, High Usage, P&R Handler, Transition, Spot Up","High High Difficulty, Versatile, Steals"
HOU,Iso/Heliocentric + Glass Crashers,F. VanVleet - J. Green - A. Sengun - J. Smith Jr.,590.23,74.0,"Elite P&R Handler, High Playmaking, High Usage, Elite P&R Handler, High Playmaking, High Usage, Elite Post Up, High Roll Man, High Usage, High Spot Up, Transition","High High Difficulty, Versatile, Steals, Guards SF (), Guards C (High Rebounding), Versatile","P&R Handler, Transition, Spot Up","High High Difficulty, Versatile, Steals"
SAC,Balanced / Average Style,D. DeRozan - D. Sabonis - M. Monk - K. Ellis,390.023333,147.0,"Elite Iso, Elite Usage, High Playmaking, Elite Post Up, High Roll Man, High Usage, Elite P&R Handler, High Playmaking, High Usage, High Spot Up, Transition","Versatile, Anchor Big / Rim Protector, High High Difficulty, Versatile, Steals, Point of Attack Stopper","Elite Off-Screen, Spot Up, Transition, P&R Handler, Transition, Spot Up","High Steals, Versatile, Disruptor, Guards SF ()"
SAC,Balanced / Average Style,D. DeRozan - D. Sabonis - M. Monk - K. Murray,886.041667,102.0,"Elite Iso, Elite Usage, High Playmaking, Elite Post Up, High Roll Man, High Usage, Elite P&R Handler, High Playmaking, High Usage, High Spot Up, Transition","Versatile, Anchor Big / Rim Protector, High High Difficulty, Versatile, Steals, High High Difficulty, Versatile, Steals","Elite Off-Screen, Spot Up, Transition, P&R Handler, Transition, Spot Up","High Steals, Versatile, Disruptor, Guards SF ()"
SAC,Balanced / Average Style,D. DeRozan - M. Monk - K. Murray - K. Ellis,252.543333,90.0,"Elite Iso, Elite Usage, High Playmaking, Elite P&R Handler, High Playmaking, High Usage, High Spot Up, Transition, High Spot Up, Transition","Versatile, High High Difficulty, Versatile, Steals, High High Difficulty, Versatile, Steals, Point of Attack Stopper","Elite Off-Screen, Spot Up, Transition, P&R Handler, Transition, Spot Up, Elite Post Up, High Roll Man, High Usage","Anchor Big / Rim Protector, High Steals, Versatile, Disruptor, Guards SF ()"
SAC,Balanced / Average Style,D. DeRozan - D. Sabonis - K. Murray - K. Ellis,527.055,89.0,"Elite Iso, Elite Usage, High Playmaking, Elite Post Up, High Roll Man, High Usage, High Spot Up, Transition, High Spot Up, Transition","Versatile, Anchor Big / Rim Protector, High High Difficulty, Versatile, Steals, Point of Attack Stopper","Elite Off-Screen, Spot Up, Transition, P&R Handler, Transition, Spot Up","High Steals, Versatile, Disruptor, Guards SF ()"
SAC,Balanced / Average Style,D. DeRozan - D. Sabonis - D. Fox - K. Ellis,185.996667,66.0,"Elite Iso, Elite Usage, High Playmaking, Elite Post Up, High Roll Man, High Usage, Elite P&R Handler, High Playmaking, High Usage, High Spot Up, Transition","Versatile, Anchor Big / Rim Protector, High High Difficulty, Versatile, Steals, Point of Attack Stopper","Elite Off-Screen, Spot Up, Transition, P&R Handler, Transition, Spot Up","High Steals, Versatile, Disruptor, Guards SF ()"
IND,High Pace + High Ball Movement + Transition Heavy,M. Turner - P. Siakam - A. Nembhard - T. Haliburton,873.546667,217.0,"Elite Post Up, High Roll Man, High Usage, Elite Post Up, High Roll Man, High Usage, P&R Handler, Transition, Spot Up, Elite P&R Handler, High Playmaking, High Usage","Anchor Big / Rim Protector, Versatile, High High Difficulty, Versatile, Steals, Guards SF ()","High Spot Up, Transition","High Steals, Versatile, Disruptor"
IND,High Pace + High Ball Movement + Transition Heavy,P. Siakam - A. Nembhard - T. Haliburton - A. Nesmith,486.25,142.0,"Elite Post Up, High Roll Man, High Usage, P&R Handler, Transition, Spot Up, Elite P&R Handler, High Playmaking, High Usage, High Spot Up, Transition","Versatile, High High Difficulty, Versatile, Steals, Guards SF (), Versatile","Elite Post Up, High Roll Man, High Usage","Anchor Big / Rim Protector, High Steals, Versatile, Disruptor"
IND,High Pace + High Ball Movement + Transition Heavy,P. Siakam - A. Nembhard - T. Haliburton - B. Mathurin,550.135,130.0,"Elite Post Up, High Roll Man, High Usage, P&R Handler, Transition, Spot Up, Elite P&R Handler, High Playmaking, High Usage, P&R Handler, Transition, Spot Up","Versatile, High High Difficulty, Versatile, Steals, Guards SF (), Guards SF ()","Elite Post Up, High Roll Man, High Usage, High Spot Up, Transition","Anchor Big / Rim Protector, High Steals, Versatile, Disruptor"
IND,High Pace + High Ball Movement + Transition Heavy,M. Turner - P. Siakam - A. Nembhard - B. Mathurin,536.845,126.0,"Elite Post Up, High Roll Man, High Usage, Elite Post Up, High Roll Man, High Usage, P&R Handler, Transition, Spot Up, P&R Handler, Transition, Spot Up","Anchor Big / Rim Protector, Versatile, High High Difficulty, Versatile, Steals, Guards SF ()","Elite P&R Handler, High Playmaking, High Usage, High Spot Up, Transition","High Steals, Versatile, Disruptor"
IND,High Pace + High Ball Movement + Transition Heavy,M. Turner - P. Siakam - T. Haliburton - A. Nesmith,449.605,122.0,"Elite Post Up, High Roll Man, High Usage, Elite Post Up, High Roll Man, High Usage, Elite P&R Handler, High Playmaking, High Usage, High Spot Up, Transition","Anchor Big / Rim Protector, Versatile, Guards SF (), Versatile","P&R Handler, Transition, Spot Up","High High Difficulty, Versatile, Steals, High Steals, Versatile, Disruptor"
MIL,Iso/Heliocentric + Elite Defense,G. Antetokounmpo - G. Trent Jr. - K. Porter Jr. - A. Green,111.026667,93.0,"Elite Iso, Elite Usage, High Playmaking, High Spot Up, Transition, Elite P&R Handler, High Playmaking, High Usage, Elite Off-Screen, Spot Up, Transition","Versatile, High High Difficulty, Versatile, Steals, High Steals, Versatile, Disruptor, Guards SF ()","Elite Post Up, High Roll Man, High Usage, High Spot Up, Transition",Anchor Big / Rim Protector
MIL,Iso/Heliocentric + Elite Defense,G. Antetokounmpo - B. Portis - G. Trent Jr. - A. Green,151.128333,75.0,"Elite Iso, Elite Usage, High Playmaking, Elite Post Up, High Roll Man, High Usage, High Spot Up, Transition, Elite Off-Screen, Spot Up, Transition","Versatile, Guards C (High Rebounding), High High Difficulty, Versatile, Steals, Guards SF ()","Elite P&R Handler, High Playmaking, High Usage, High Spot Up, Transition","Anchor Big / Rim Protector, High Steals, Versatile, Disruptor"
MIL,Iso/Heliocentric + Elite Defense,B. Lopez - D. Lillard - G. Antetokounmpo - A. Green,219.968333,74.0,"Elite Post Up, High Roll Man, High Usage, Elite P&R Handler, High Playmaking, High Usage, Elite Iso, Elite Usage, High Playmaking, Elite Off-Screen, Spot Up, Transition","Anchor Big / Rim Protector, Guards SF (), Versatile, Guards SF ()","High Spot Up, Transition","High High Difficulty, Versatile, Steals, High Steals, Versatile, Disruptor"
MIL,Iso/Heliocentric + Elite Defense,B. Lopez - D. Lillard - G. Antetokounmpo - T. Prince,852.706667,73.0,"Elite Post Up, High Roll Man, High Usage, Elite P&R Handler, High Playmaking, High Usage, Elite Iso, Elite Usage, High Playmaking, High Spot Up, Transition","Anchor Big / Rim Protector, Guards SF (), Versatile, High Steals, Versatile, Disruptor","High Spot Up, Transition","High High Difficulty, Versatile, Steals"
MIL,Iso/Heliocentric + Elite Defense,B. Lopez - G. Antetokounmpo - T. Prince - R. Rollins,215.883333,62.0,"Elite Post Up, High Roll Man, High Usage, Elite Iso, Elite Usage, High Playmaking, High Spot Up, Transition, P&R Handler, Transition, Spot Up","Anchor Big / Rim Protector, Versatile, High Steals, Versatile, Disruptor, Guards PG (High Disruptor)","Elite P&R Handler, High Playmaking, High Usage, High Spot Up, Transition","High High Difficulty, Versatile, Steals, Guards SF ()"
LAC,Balanced / Average Style,J. Harden - N. Powell - K. Dunn - I. Zubac,745.571667,198.0,"Elite Iso, Elite Usage, High Playmaking, Elite Off-Screen, Spot Up, Transition, High Spot Up, Transition, Elite Post Up, High Roll Man, High Usage","High Steals, Versatile, Disruptor, Guards SF (), Point of Attack Stopper, Anchor Big / Rim Protector","P&R Handler, Transition, Spot Up","Versatile, High High Difficulty, Versatile, Steals"
LAC,Balanced / Average Style,J. Harden - K. Leonard - N. Powell - I. Zubac,530.625,184.0,"Elite Iso, Elite Usage, High Playmaking, Elite Iso, Elite Usage, High Playmaking, Elite Off-Screen, Spot Up, Transition, Elite Post Up, High Roll Man, High Usage","High Steals, Versatile, Disruptor, High Steals, Versatile, Disruptor, Guards SF (), Anchor Big / Rim Protector","P&R Handler, Transition, Spot Up, High Spot Up, Transition","Versatile, High High Difficulty, Versatile, Steals"
LAC,Balanced / Average Style,J. Harden - K. Leonard - I. Zubac - D. Jones Jr.,321.178333,159.0,"Elite Iso, Elite Usage, High Playmaking, Elite Iso, Elite Usage, High Playmaking, Elite Post Up, High Roll Man, High Usage, High Spot Up, Transition","High Steals, Versatile, Disruptor, High Steals, Versatile, Disruptor, Anchor Big / Rim Protector, High High Difficulty, Versatile, Steals","Elite Off-Screen, Spot Up, Transition, P&R Handler, Transition, Spot Up","Versatile, Guards SF ()"
LAC,Balanced / Average Style,J. Harden - N. Powell - I. Zubac - D. Jones Jr.,828.37,150.0,"Elite Iso, Elite Usage, High Playmaking, Elite Off-Screen, Spot Up, Transition, Elite Post Up, High Roll Man, High Usage, High Spot Up, Transition","High Steals, Versatile, Disruptor, Guards SF (), Anchor Big / Rim Protector, High High Difficulty, Versatile, Steals","P&R Handler, Transition, Spot Up",Versatile
LAC,Balanced / Average Style,J. Harden - K. Dunn - I. Zubac - D. Jones Jr.,586.363333,115.0,"Elite Iso, Elite Usage, High Playmaking, High Spot Up, Transition, Elite Post Up, High Roll Man, High Usage, High Spot Up, Transition","High Steals, Versatile, Disruptor, Point of Attack Stopper, Anchor Big / Rim Protector, High High Difficulty, Versatile, Steals","Elite Off-Screen, Spot Up, Transition, P&R Handler, Transition, Spot Up","Versatile, Guards SF ()"
CLE,3-Point Heavy,D. Mitchell - J. Allen - D. Garland - E. Mobley,772.648333,156.0,"Elite P&R Handler, High Playmaking, High Usage, Elite Cutter, Elite Roll Man, Post Up, Elite P&R Handler, High Playmaking, High Usage, Elite Post Up, High Roll Man, High Usage","High Steals, Versatile, Disruptor, Anchor Big / Rim Protector, High High Difficulty, Versatile, Steals, Anchor Big / Rim Protector","Elite Off-Screen, Spot Up, Transition, Elite Iso, Elite Usage, High Playmaking, P&R Handler, Transition, Spot Up, High Spot Up, Transition","Versatile, Guards PG (High Disruptor)"
CLE,3-Point Heavy,D. Mitchell - J. Allen - M. Strus - D. Garland,365.958333,105.0,"Elite P&R Handler, High Playmaking, High Usage, Elite Cutter, Elite Roll Man, Post Up, Elite Off-Screen, Spot Up, Transition, Elite P&R Handler, High Playmaking, High Usage","High Steals, Versatile, Disruptor, Anchor Big / Rim Protector, High High Difficulty, Versatile, Steals, High High Difficulty, Versatile, Steals","Elite Iso, Elite Usage, High Playmaking, P&R Handler, Transition, Spot Up, High Spot Up, Transition","Versatile, Guards PG (High Disruptor)"
CLE,3-Point Heavy,C. LeVert - D. Mitchell - D. Garland - E. Mobley,113.781667,82.0,"P&R Handler, Transition, Spot Up, Elite P&R Handler, High Playmaking, High Usage, Elite P&R Handler, High Playmaking, High Usage, Elite Post Up, High Roll Man, High Usage","High High Difficulty, Versatile, Steals, High Steals, Versatile, Disruptor, High High Difficulty, Versatile, Steals, Anchor Big / Rim Protector","Elite Off-Screen, Spot Up, Transition, Elite Iso, Elite Usage, High Playmaking, Elite Cutter, Elite Roll Man, Post Up, High Spot Up, Transition","Versatile, Guards PG (High Disruptor)"
CLE,3-Point Heavy,C. LeVert - G. Niang - D. Mitchell - S. Merrill,105.405,81.0,"P&R Handler, Transition, Spot Up, High Spot Up, Transition, Elite P&R Handler, High Playmaking, High Usage, Elite Off-Screen, Spot Up, Transition","High High Difficulty, Versatile, Steals, Versatile, High Steals, Versatile, Disruptor, High High Difficulty, Versatile, Steals","Elite Iso, Elite Usage, High Playmaking, Elite Cutter, Elite Roll Man, Post Up","Guards PG (High Disruptor), Anchor Big / Rim Protector"
CLE,3-Point Heavy,D. Mitchell - J. Allen - M. Strus - E. Mobley,292.498333,81.0,"Elite P&R Handler, High Playmaking, High Usage, Elite Cutter, Elite Roll Man, Post Up, Elite Off-Screen, Spot Up, Transition, Elite Post Up, High Roll Man, High Usage","High Steals, Versatile, Disruptor, Anchor Big / Rim Protector, High High Difficulty, Versatile, Steals, Anchor Big / Rim Protector","Elite Iso, Elite Usage, High Playmaking, P&R Handler, Transition, Spot Up, High Spot Up, Transition","Versatile, Guards PG (High Disruptor)"
BOS,3-Point Heavy,A. Horford - J. Brown - J. Tatum - D. White,478.791667,161.0,"High Spot Up, Transition, Elite Iso, Elite Usage, High Playmaking, Elite Iso, Elite Usage, High Playmaking, P&R Handler, Transition, Spot Up","Versatile, High High Difficulty, Versatile, Steals, Versatile, High High Difficulty, Versatile, Steals","Elite Off-Screen, Spot Up, Transition, Elite Cutter, Elite Roll Man, Post Up","Guards PG (High Disruptor), Anchor Big / Rim Protector, High Steals, Versatile, Disruptor"
BOS,3-Point Heavy,A. Horford - J. Holiday - J. Tatum - D. White,485.315,128.0,"High Spot Up, Transition, P&R Handler, Transition, Spot Up, Elite Iso, Elite Usage, High Playmaking, P&R Handler, Transition, Spot Up","Versatile, High High Difficulty, Versatile, Steals, Versatile, High High Difficulty, Versatile, Steals","Elite Off-Screen, Spot Up, Transition, Elite Cutter, Elite Roll Man, Post Up","Guards PG (High Disruptor), Anchor Big / Rim Protector, High Steals, Versatile, Disruptor"
BOS,3-Point Heavy,J. Holiday - J. Brown - J. Tatum - D. White,736.46,124.0,"P&R Handler, Transition, Spot Up, Elite Iso, Elite Usage, High Playmaking, Elite Iso, Elite Usage, High Playmaking, P&R Handler, Transition, Spot Up","High High Difficulty, Versatile, Steals, High High Difficulty, Versatile, Steals, Versatile, High High Difficulty, Versatile, Steals","Elite Off-Screen, Spot Up, Transition, Elite Cutter, Elite Roll Man, Post Up, High Spot Up, Transition","Guards PG (High Disruptor), Anchor Big / Rim Protector, High Steals, Versatile, Disruptor"
BOS,3-Point Heavy,A. Horford - J. Holiday - J. Brown - D. White,383.77,122.0,"High Spot Up, Transition, P&R Handler, Transition, Spot Up, Elite Iso, Elite Usage, High Playmaking, P&R Handler, Transition, Spot Up","Versatile, High High Difficulty, Versatile, Steals, High High Difficulty, Versatile, Steals, High High Difficulty, Versatile, Steals","Elite Off-Screen, Spot Up, Transition, Elite Cutter, Elite Roll Man, Post Up","Guards PG (High Disruptor), Anchor Big / Rim Protector, High Steals, Versatile, Disruptor"
BOS,3-Point Heavy,J. Tatum - L. Kornet - P. Pritchard - S. Hauser,310.048333,118.0,"Elite Iso, Elite Usage, High Playmaking, Elite Cutter, Elite Roll Man, Post Up, P&R Handler, Transition, Spot Up, Elite Off-Screen, Spot Up, Transition","Versatile, Guards C (High Rebounding), High High Difficulty, Versatile, Steals, Guards SF ()","High Spot Up, Transition","Guards PG (High Disruptor), Anchor Big / Rim Protector, High Steals, Versatile, Disruptor"
OKC,Iso/Heliocentric + Elite Defense,I. Hartenstein - S. Gilgeous-Alexander - L. Dort - J. Williams,666.595,226.0,"Elite Cutter, Elite Roll Man, Post Up, Elite Iso, Elite Usage, High Playmaking, High Spot Up, Transition, Elite P&R Handler, High Playmaking, High Usage","Anchor Big / Rim Protector, High Steals, Versatile, Disruptor, High High Difficulty, Versatile, Steals, High Steals, Versatile, Disruptor","Elite Post Up, High Roll Man, High Usage, High Spot Up, Transition","Versatile, Guards SF ()"
OKC,Iso/Heliocentric + Elite Defense,S. Gilgeous-Alexander - L. Dort - J. Williams - C. Wallace,613.631667,183.0,"Elite Iso, Elite Usage, High Playmaking, High Spot Up, Transition, Elite P&R Handler, High Playmaking, High Usage, High Spot Up, Transition","High Steals, Versatile, Disruptor, High High Difficulty, Versatile, Steals, High Steals, Versatile, Disruptor, Point of Attack Stopper","Elite Post Up, High Roll Man, High Usage","Versatile, Anchor Big / Rim Protector, Guards SF ()"
OKC,Iso/Heliocentric + Elite Defense,S. Gilgeous-Alexander - L. Dort - I. Joe - J. Williams,126.946667,128.0,"Elite Iso, Elite Usage, High Playmaking, High Spot Up, Transition, Elite Off-Screen, Spot Up, Transition, High Spot Up, Transition","High Steals, Versatile, Disruptor, High High Difficulty, Versatile, Steals, Guards SF (), Guards C (High Rebounding)","Elite P&R Handler, High Playmaking, High Usage, Elite Post Up, High Roll Man, High Usage","Versatile, Anchor Big / Rim Protector"
OKC,Iso/Heliocentric + Elite Defense,I. Hartenstein - S. Gilgeous-Alexander - L. Dort - C. Wallace,413.231667,126.0,"Elite Cutter, Elite Roll Man, Post Up, Elite Iso, Elite Usage, High Playmaking, High Spot Up, Transition, High Spot Up, Transition","Anchor Big / Rim Protector, High Steals, Versatile, Disruptor, High High Difficulty, Versatile, Steals, Point of Attack Stopper","Elite P&R Handler, High Playmaking, High Usage, Elite Post Up, High Roll Man, High Usage","Versatile, Guards SF ()"
OKC,Iso/Heliocentric + Elite Defense,S. Gilgeous-Alexander - K. Williams - I. Joe - J. Williams,102.568333,108.0,"Elite Iso, Elite Usage, High Playmaking, High Spot Up, Transition, Elite Off-Screen, Spot Up, Transition, High Spot Up, Transition","High Steals, Versatile, Disruptor, High Steals, Versatile, Disruptor, Guards SF (), Guards C (High Rebounding)","Elite P&R Handler, High Playmaking, High Usage, Elite Post Up, High Roll Man, High Usage","Versatile, Anchor Big / Rim Protector, High High Difficulty, Versatile, Steals"
ORL,Balanced / Average Style,C. Joseph - K. Caldwell-Pope - F. Wagner - P. Banchero,252.303333,78.0,"P&R Handler, Transition, Spot Up, Elite Off-Screen, Spot Up, Transition, Elite Iso, Elite Usage, High Playmaking, Elite Iso, Elite Usage, High Playmaking","Guards PG (High Disruptor), High High Difficulty, Versatile, Steals, High Steals, Versatile, Disruptor, Versatile","Elite Post Up, High Roll Man, High Usage, High Spot Up, Transition","Anchor Big / Rim Protector, Guards SF ()"
ORL,Balanced / Average Style,K. Caldwell-Pope - W. Carter Jr. - G. Bitadze - F. Wagner,91.795,63.0,"Elite Off-Screen, Spot Up, Transition, Elite Cutter, Elite Roll Man, Post Up, Elite Cutter, Elite Roll Man, Post Up, Elite Iso, Elite Usage, High Playmaking","High High Difficulty, Versatile, Steals, Guards C (High Rebounding), Anchor Big / Rim Protector, High Steals, Versatile, Disruptor","P&R Handler, Transition, Spot Up, Elite Post Up, High Roll Man, High Usage, High Spot Up, Transition","Versatile, Guards SF ()"
ORL,Balanced / Average Style,K. Caldwell-Pope - C. Anthony - F. Wagner - P. Banchero,249.166667,57.0,"Elite Off-Screen, Spot Up, Transition, Elite P&R Handler, High Playmaking, High Usage, Elite Iso, Elite Usage, High Playmaking, Elite Iso, Elite Usage, High Playmaking","High High Difficulty, Versatile, Steals, Guards PG (High Disruptor), High Steals, Versatile, Disruptor, Versatile","P&R Handler, Transition, Spot Up, Elite Post Up, High Roll Man, High Usage, High Spot Up, Transition","Anchor Big / Rim Protector, Guards SF ()"
ORL,Balanced / Average Style,K. Caldwell-Pope - G. Bitadze - F. Wagner - J. Suggs,258.901667,52.0,"Elite Off-Screen, Spot Up, Transition, Elite Cutter, Elite Roll Man, Post Up, Elite Iso, Elite Usage, High Playmaking, Elite P&R Handler, High Playmaking, High Usage","High High Difficulty, Versatile, Steals, Anchor Big / Rim Protector, High Steals, Versatile, Disruptor, High High Difficulty, Versatile, Steals","P&R Handler, Transition, Spot Up, Elite Post Up, High Roll Man, High Usage, High Spot Up, Transition","Versatile, Guards SF ()"
ORL,Balanced / Average Style,G. Harris - J. Isaac - F. Wagner - A. Black,72.103333,49.0,"Elite Off-Screen, Spot Up, Transition, High Spot Up, Transition, Elite Iso, Elite Usage, High Playmaking, P&R Handler, Transition, Spot Up","Guards PG (High Disruptor), High Steals, Versatile, Disruptor, High Steals, Versatile, Disruptor, Point of Attack Stopper","Elite Post Up, High Roll Man, High Usage","Versatile, High High Difficulty, Versatile, Steals, Anchor Big / Rim Protector, Guards SF ()"
ATL,High Pace + Rim/Midrange Focus + Transition Heavy,G. Niang - T. Young - O. Okongwu - D. Daniels,194.108333,71.0,"High Spot Up, Transition, Elite P&R Handler, High Playmaking, High Usage, Elite Cutter, Elite Roll Man, Post Up, P&R Handler, Transition, Spot Up","Versatile, Guards SF (), Anchor Big / Rim Protector, Point of Attack Stopper","Elite Off-Screen, Spot Up, Transition, Elite Post Up, High Roll Man, High Usage","High High Difficulty, Versatile, Steals, High Steals, Versatile, Disruptor"
ATL,High Pace + Rim/Midrange Focus + Transition Heavy,T. Young - O. Okongwu - M. Gueye - Z. Risacher,259.05,56.0,"Elite P&R Handler, High Playmaking, High Usage, Elite Cutter, Elite Roll Man, Post Up, High Spot Up, Transition, High Spot Up, Transition","Guards SF (), Anchor Big / Rim Protector, Guards C (High Rebounding), High Steals, Versatile, Disruptor","Elite Off-Screen, Spot Up, Transition, Elite Post Up, High Roll Man, High Usage","Versatile, High High Difficulty, Versatile, Steals"
ATL,High Pace + Rim/Midrange Focus + Transition Heavy,C. Capela - T. Young - J. Johnson - D. Daniels,446.833333,50.0,"Elite Cutter, Elite Roll Man, Post Up, Elite P&R Handler, High Playmaking, High Usage, P&R Handler, Transition, Spot Up, P&R Handler, Transition, Spot Up","Anchor Big / Rim Protector, Guards SF (), Versatile, Point of Attack Stopper","Elite Off-Screen, Spot Up, Transition, Elite Post Up, High Roll Man, High Usage, High Spot Up, Transition","High High Difficulty, Versatile, Steals, High Steals, Versatile, Disruptor"
ATL,High Pace + Rim/Midrange Focus + Transition Heavy,T. Young - D. Daniels - M. Gueye - Z. Risacher,251.066667,45.0,"Elite P&R Handler, High Playmaking, High Usage, P&R Handler, Transition, Spot Up, High Spot Up, Transition, High Spot Up, Transition","Guards SF (), Point of Attack Stopper, Guards C (High Rebounding), High Steals, Versatile, Disruptor","Elite Off-Screen, Spot Up, Transition, Elite Cutter, Elite Roll Man, Post Up, Elite Post Up, High Roll Man, High Usage","Versatile, High High Difficulty, Versatile, Steals, Anchor Big / Rim Protector"
ATL,High Pace + Rim/Midrange Focus + Transition Heavy,T. Young - O. Okongwu - D. Daniels - M. Gueye,284.115,41.0,"Elite P&R Handler, High Playmaking, High Usage, Elite Cutter, Elite Roll Man, Post Up, P&R Handler, Transition, Spot Up, High Spot Up, Transition","Guards SF (), Anchor Big / Rim Protector, Point of Attack Stopper, Guards C (High Rebounding)","Elite Off-Screen, Spot Up, Transition, Elite Post Up, High Roll Man, High Usage","Versatile, High High Difficulty, Versatile, Steals, High Steals, Versatile, Disruptor"
MIA,3-Point Heavy,B. Adebayo - D. Robinson - H. Highsmith - T. Herro,481.621667,60.0,"Elite Post Up, High Roll Man, High Usage, Elite Off-Screen, Spot Up, Transition, High Spot Up, Transition, Elite P&R Handler, High Playmaking, High Usage","Anchor Big / Rim Protector, Guards SF (), High High Difficulty, Versatile, Steals, Guards SF ()","Elite Iso, Elite Usage, High Playmaking, Elite Cutter, Elite Roll Man, Post Up, P&R Handler, Transition, Spot Up","Versatile, Guards PG (High Disruptor), High Steals, Versatile, Disruptor"
MIA,3-Point Heavy,B. Adebayo - H. Highsmith - T. Herro - D. Mitchell,164.155,56.0,"Elite Post Up, High Roll Man, High Usage, High Spot Up, Transition, Elite P&R Handler, High Playmaking, High Usage, P&R Handler, Transition, Spot Up","Anchor Big / Rim Protector, High High Difficulty, Versatile, Steals, Guards SF (), High High Difficulty, Versatile, Steals","Elite Off-Screen, Spot Up, Transition, Elite Iso, Elite Usage, High Playmaking, Elite Cutter, Elite Roll Man, Post Up","Versatile, Guards PG (High Disruptor), High Steals, Versatile, Disruptor"
MIA,3-Point Heavy,H. Highsmith - T. Herro - D. Mitchell - K. Ware,126.69,50.0,"High Spot Up, Transition, Elite P&R Handler, High Playmaking, High Usage, P&R Handler, Transition, Spot Up, Elite Cutter, Elite Roll Man, Post Up","High High Difficulty, Versatile, Steals, Guards SF (), High High Difficulty, Versatile, Steals, Anchor Big / Rim Protector","Elite Off-Screen, Spot Up, Transition, Elite Iso, Elite Usage, High Playmaking","Versatile, Guards PG (High Disruptor), High Steals, Versatile, Disruptor"
MIA,3-Point Heavy,D. Robinson - H. Highsmith - T. Herro - D. Mitchell,74.911667,47.0,"Elite Off-Screen, Spot Up, Transition, High Spot Up, Transition, Elite P&R Handler, High Playmaking, High Usage, P&R Handler, Transition, Spot Up","Guards SF (), High High Difficulty, Versatile, Steals, Guards SF (), High High Difficulty, Versatile, Steals","Elite Iso, Elite Usage, High Playmaking, Elite Cutter, Elite Roll Man, Post Up","Versatile, Guards PG (High Disruptor), Anchor Big / Rim Protector, High Steals, Versatile, Disruptor"
MIA,3-Point Heavy,J. Butler III - B. Adebayo - D. Robinson - T. Herro,240.045,47.0,"Elite Iso, Elite Usage, High Playmaking, Elite Post Up, High Roll Man, High Usage, Elite Off-Screen, Spot Up, Transition, Elite P&R Handler, High Playmaking, High Usage","High Steals, Versatile, Disruptor, Anchor Big / Rim Protector, Guards SF (), Guards SF ()","Elite Cutter, Elite Roll Man, Post Up, P&R Handler, Transition, Spot Up, High Spot Up, Transition","Versatile, Guards PG (High Disruptor), High High Difficulty, Versatile, Steals"
POR,Iso/Heliocentric + Glass Crashers,A. Simons - D. Avdija - T. Camara - D. Clingan,277.411667,62.0,"Elite P&R Handler, High Playmaking, High Usage, P&R Handler, Transition, Spot Up, High Spot Up, Transition, Elite Cutter, Elite Roll Man, Post Up","Guards SF (), High Steals, Versatile, Disruptor, High High Difficulty, Versatile, Steals, Anchor Big / Rim Protector","Elite P&R Handler, High Playmaking, High Usage, Elite Post Up, High Roll Man, High Usage","Versatile, Guards C (High Rebounding), High High Difficulty, Versatile, Steals"
POR,Iso/Heliocentric + Glass Crashers,J. Grant - D. Avdija - T. Camara - D. Clingan,88.266667,60.0,"Elite Off-Screen, Spot Up, Transition, P&R Handler, Transition, Spot Up, High Spot Up, Transition, Elite Cutter, Elite Roll Man, Post Up","High High Difficulty, Versatile, Steals, High Steals, Versatile, Disruptor, High High Difficulty, Versatile, Steals, Anchor Big / Rim Protector","Elite P&R Handler, High Playmaking, High Usage, Elite Post Up, High Roll Man, High Usage","Versatile, Guards C (High Rebounding), Guards SF ()"
POR,Iso/Heliocentric + Glass Crashers,J. Grant - R. Williams III - S. Henderson - T. Camara,58.975,58.0,"Elite Off-Screen, Spot Up, Transition, Elite Cutter, Elite Roll Man, Post Up, Elite P&R Handler, High Playmaking, High Usage, High Spot Up, Transition","High High Difficulty, Versatile, Steals, Guards C (High Rebounding), Guards PG (High Disruptor), High High Difficulty, Versatile, Steals","Elite P&R Handler, High Playmaking, High Usage, P&R Handler, Transition, Spot Up, Elite Post Up, High Roll Man, High Usage","Versatile, Guards SF ()"
POR,Iso/Heliocentric + Glass Crashers,J. Grant - D. Ayton - S. Henderson - S. Sharpe,101.478333,50.0,"Elite Off-Screen, Spot Up, Transition, Elite Cutter, Elite Roll Man, Post Up, Elite P&R Handler, High Playmaking, High Usage, Elite P&R Handler, High Playmaking, High Usage","High High Difficulty, Versatile, Steals, Anchor Big / Rim Protector, Guards PG (High Disruptor), Guards SF ()","P&R Handler, Transition, Spot Up, Elite Post Up, High Roll Man, High Usage, High Spot Up, Transition","Versatile, Guards C (High Rebounding), High High Difficulty, Versatile, Steals"
POR,Iso/Heliocentric + Glass Crashers,J. Grant - S. Henderson - S. Sharpe - T. Camara,174.711667,37.0,"Elite Off-Screen, Spot Up, Transition, Elite P&R Handler, High Playmaking, High Usage, Elite P&R Handler, High Playmaking, High Usage, High Spot Up, Transition","High High Difficulty, Versatile, Steals, Guards PG (High Disruptor), Guards SF (), High High Difficulty, Versatile, Steals","P&R Handler, Transition, Spot Up, Elite Post Up, High Roll Man, High Usage","Versatile, Guards C (High Rebounding)"
WAS,High Pace + High Ball Movement + Transition Heavy,J. Poole - C. Kispert - B. Coulibaly - K. George,188.223333,32.0,"Elite P&R Handler, High Playmaking, High Usage, Elite Off-Screen, Spot Up, Transition, P&R Handler, Transition, Spot Up, P&R Handler, Transition, Spot Up","Guards SF (), Guards SF (), High High Difficulty, Versatile, Steals, High Steals, Versatile, Disruptor","Elite Post Up, High Roll Man, High Usage, High Spot Up, Transition","Versatile, Anchor Big / Rim Protector"
WAS,High Pace + High Ball Movement + Transition Heavy,M. Bagley III - J. Butler - A. Gill - J. Davis,58.68,21.0,"Unknown, Elite P&R Handler, High Playmaking, High Usage, Unknown, Unknown","Guards C (High Rebounding), Guards PG (High Disruptor), Versatile, Guards PG (High Disruptor)","P&R Handler, Transition, Spot Up, Elite Post Up, High Roll Man, High Usage, High Spot Up, Transition","High High Difficulty, Versatile, Steals, Anchor Big / Rim Protector, High Steals, Versatile, Disruptor, Guards SF ()"
WAS,High Pace + High Ball Movement + Transition Heavy,K. Middleton - A. Sarr - B. Carrington - K. George,78.051667,18.0,"Elite P&R Handler, High Playmaking, High Usage, Elite Cutter, Elite Roll Man, Post Up, P&R Handler, Transition, Spot Up, P&R Handler, Transition, Spot Up","Versatile, Anchor Big / Rim Protector, High High Difficulty, Versatile, Steals, High Steals, Versatile, Disruptor","Elite Post Up, High Roll Man, High Usage, High Spot Up, Transition",Guards SF ()
WAS,High Pace + High Ball Movement + Transition Heavy,J. Poole - C. Kispert - A. Sarr - B. Carrington,59.193333,11.0,"Elite P&R Handler, High Playmaking, High Usage, Elite Off-Screen, Spot Up, Transition, Elite Cutter, Elite Roll Man, Post Up, P&R Handler, Transition, Spot Up","Guards SF (), Guards SF (), Anchor Big / Rim Protector, High High Difficulty, Versatile, Steals","Elite Post Up, High Roll Man, High Usage, High Spot Up, Transition","Versatile, High Steals, Versatile, Disruptor"
WAS,High Pace + High Ball Movement + Transition Heavy,K. Middleton - J. Poole - B. Coulibaly - K. George,80.831667,9.0,"Elite P&R Handler, High Playmaking, High Usage, Elite P&R Handler, High Playmaking, High Usage, P&R Handler, Transition, Spot Up, P&R Handler, Transition, Spot Up","Versatile, Guards SF (), High High Difficulty, Versatile, Steals, High Steals, Versatile, Disruptor","Elite Post Up, High Roll Man, High Usage, High Spot Up, Transition",Anchor Big / Rim Protector
LAL,Balanced / Average Style,L. James - D. Finney-Smith - R. Hachimura - A. Reaves,217.898333,90.0,"Elite Iso, Elite Usage, High Playmaking, High Spot Up, Transition, High Spot Up, Transition, Elite P&R Handler, High Playmaking, High Usage","Versatile, High High Difficulty, Versatile, Steals, Versatile, High High Difficulty, Versatile, Steals","Elite Off-Screen, Spot Up, Transition, P&R Handler, Transition, Spot Up, Elite Post Up, High Roll Man, High Usage","Anchor Big / Rim Protector, High Steals, Versatile, Disruptor, Guards SF ()"
LAL,Balanced / Average Style,D. Finney-Smith - L. Dončić - R. Hachimura - A. Reaves,162.595,89.0,"High Spot Up, Transition, Elite Iso, Elite Usage, High Playmaking, High Spot Up, Transition, Elite P&R Handler, High Playmaking, High Usage","High High Difficulty, Versatile, Steals, High Steals, Versatile, Disruptor, Versatile, High High Difficulty, Versatile, Steals","Elite Off-Screen, Spot Up, Transition, P&R Handler, Transition, Spot Up, Elite Post Up, High Roll Man, High Usage","Anchor Big / Rim Protector, Guards SF ()"
LAL,Balanced / Average Style,L. James - D. Finney-Smith - L. Dončić - R. Hachimura,126.928333,64.0,"Elite Iso, Elite Usage, High Playmaking, High Spot Up, Transition, Elite Iso, Elite Usage, High Playmaking, High Spot Up, Transition","Versatile, High High Difficulty, Versatile, Steals, High Steals, Versatile, Disruptor, Versatile","Elite Off-Screen, Spot Up, Transition, P&R Handler, Transition, Spot Up, Elite Post Up, High Roll Man, High Usage","Anchor Big / Rim Protector, Guards SF ()"
LAL,Balanced / Average Style,D. Finney-Smith - L. Dončić - R. Hachimura - G. Vincent,66.91,63.0,"High Spot Up, Transition, Elite Iso, Elite Usage, High Playmaking, High Spot Up, Transition, Elite Off-Screen, Spot Up, Transition","High High Difficulty, Versatile, Steals, High Steals, Versatile, Disruptor, Versatile, High High Difficulty, Versatile, Steals","P&R Handler, Transition, Spot Up, Elite Post Up, High Roll Man, High Usage","Anchor Big / Rim Protector, Guards SF ()"
LAL,Balanced / Average Style,D. Finney-Smith - L. Dončić - G. Vincent - A. Reaves,126.52,63.0,"High Spot Up, Transition, Elite Iso, Elite Usage, High Playmaking, Elite Off-Screen, Spot Up, Transition, Elite P&R Handler, High Playmaking, High Usage","High High Difficulty, Versatile, Steals, High Steals, Versatile, Disruptor, High High Difficulty, Versatile, Steals, High High Difficulty, Versatile, Steals","P&R Handler, Transition, Spot Up, Elite Post Up, High Roll Man, High Usage","Versatile, Anchor Big / Rim Protector, Guards SF ()"
CHI,High Pace + High Ball Movement + Transition Heavy,N. Vučević - Z. LaVine - L. Ball - C. White,97.626667,68.0,"Elite Post Up, High Roll Man, High Usage, Elite Iso, Elite Usage, High Playmaking, P&R Handler, Transition, Spot Up, P&R Handler, Transition, Spot Up","Anchor Big / Rim Protector, High High Difficulty, Versatile, Steals, High High Difficulty, Versatile, Steals, Guards SF ()","Elite P&R Handler, High Playmaking, High Usage, Elite Post Up, High Roll Man, High Usage, High Spot Up, Transition","Versatile, High Steals, Versatile, Disruptor"
CHI,High Pace + High Ball Movement + Transition Heavy,N. Vučević - L. Ball - C. White - J. Giddey,121.483333,53.0,"Elite Post Up, High Roll Man, High Usage, P&R Handler, Transition, Spot Up, P&R Handler, Transition, Spot Up, Elite P&R Handler, High Playmaking, High Usage","Anchor Big / Rim Protector, High High Difficulty, Versatile, Steals, Guards SF (), High Steals, Versatile, Disruptor","Elite Post Up, High Roll Man, High Usage, High Spot Up, Transition",Versatile
CHI,High Pace + High Ball Movement + Transition Heavy,K. Huerter - C. White - J. Giddey - M. Buzelis,156.615,49.0,"Elite Off-Screen, Spot Up, Transition, P&R Handler, Transition, Spot Up, Elite P&R Handler, High Playmaking, High Usage, High Spot Up, Transition","High Steals, Versatile, Disruptor, Guards SF (), High Steals, Versatile, Disruptor, Versatile","Elite Post Up, High Roll Man, High Usage","Anchor Big / Rim Protector, High High Difficulty, Versatile, Steals"
CHI,High Pace + High Ball Movement + Transition Heavy,N. Vučević - K. Huerter - C. White - J. Giddey,181.786667,49.0,"Elite Post Up, High Roll Man, High Usage, Elite Off-Screen, Spot Up, Transition, P&R Handler, Transition, Spot Up, Elite P&R Handler, High Playmaking, High Usage","Anchor Big / Rim Protector, High Steals, Versatile, Disruptor, Guards SF (), High Steals, Versatile, Disruptor","Elite Post Up, High Roll Man, High Usage, High Spot Up, Transition","Versatile, High High Difficulty, Versatile, Steals"
CHI,High Pace + High Ball Movement + Transition Heavy,N. Vučević - L. Ball - P. Williams - J. Giddey,103.06,42.0,"Elite Post Up, High Roll Man, High Usage, P&R Handler, Transition, Spot Up, High Spot Up, Transition, Elite P&R Handler, High Playmaking, High Usage","Anchor Big / Rim Protector, High High Difficulty, Versatile, Steals, High Steals, Versatile, Disruptor, High Steals, Versatile, Disruptor","Elite Post Up, High Roll Man, High Usage","Versatile, Guards SF ()"
SAS,High Pace + High Ball Movement + Transition Heavy,C. Paul - H. Barnes - V. Wembanyama - S. Castle,380.475,87.0,"Elite P&R Handler, High Playmaking, High Usage, High Spot Up, Transition, Elite Post Up, High Roll Man, High Usage, Elite P&R Handler, High Playmaking, High Usage","High Steals, Versatile, Disruptor, Versatile, Anchor Big / Rim Protector, High High Difficulty, Versatile, Steals","P&R Handler, Transition, Spot Up, Elite Post Up, High Roll Man, High Usage",Guards SF ()
SAS,High Pace + High Ball Movement + Transition Heavy,C. Paul - H. Barnes - D. Vassell - V. Wembanyama,389.998333,77.0,"Elite P&R Handler, High Playmaking, High Usage, High Spot Up, Transition, P&R Handler, Transition, Spot Up, Elite Post Up, High Roll Man, High Usage","High Steals, Versatile, Disruptor, Versatile, High Steals, Versatile, Disruptor, Anchor Big / Rim Protector","Elite Post Up, High Roll Man, High Usage","High High Difficulty, Versatile, Steals, Guards SF ()"
SAS,High Pace + High Ball Movement + Transition Heavy,C. Paul - H. Barnes - J. Champagnie - V. Wembanyama,343.48,64.0,"Elite P&R Handler, High Playmaking, High Usage, High Spot Up, Transition, High Spot Up, Transition, Elite Post Up, High Roll Man, High Usage","High Steals, Versatile, Disruptor, Versatile, High Steals, Versatile, Disruptor, Anchor Big / Rim Protector","P&R Handler, Transition, Spot Up, Elite Post Up, High Roll Man, High Usage","High High Difficulty, Versatile, Steals, Guards SF ()"
SAS,High Pace + High Ball Movement + Transition Heavy,C. Paul - H. Barnes - J. Sochan - V. Wembanyama,272.868333,62.0,"Elite P&R Handler, High Playmaking, High Usage, High Spot Up, Transition, Elite Cutter, Elite Roll Man, Post Up, Elite Post Up, High Roll Man, High Usage","High Steals, Versatile, Disruptor, Versatile, High High Difficulty, Versatile, Steals, Anchor Big / Rim Protector","P&R Handler, Transition, Spot Up, Elite Post Up, High Roll Man, High Usage",Guards SF ()
SAS,High Pace + High Ball Movement + Transition Heavy,C. Paul - K. Johnson - J. Champagnie - V. Wembanyama,124.581667,58.0,"Elite P&R Handler, High Playmaking, High Usage, High Spot Up, Transition, High Spot Up, Transition, Elite Post Up, High Roll Man, High Usage","High Steals, Versatile, Disruptor, Versatile, High Steals, Versatile, Disruptor, Anchor Big / Rim Protector","P&R Handler, Transition, Spot Up, Elite Post Up, High Roll Man, High Usage","High High Difficulty, Versatile, Steals, Guards SF ()"
NOP,High Pace + Rim/Midrange Focus + Transition Heavy,C. McCollum - J. Green - T. Murphy III - J. Alvarado,58.163333,19.0,"Elite P&R Handler, High Playmaking, High Usage, High Spot Up, Transition, P&R Handler, Transition, Spot Up, Elite P&R Handler, High Playmaking, High Usage","Guards SF (), High Steals, Versatile, Disruptor, High Steals, Versatile, Disruptor, Guards PG (High Disruptor)","Elite Off-Screen, Spot Up, Transition, Elite Cutter, Elite Roll Man, Post Up, Elite Post Up, High Roll Man, High Usage","Versatile, High High Difficulty, Versatile, Steals, Anchor Big / Rim Protector"
NOP,High Pace + Rim/Midrange Focus + Transition Heavy,C. McCollum - D. Murray - D. Theis - J. Green,61.321667,17.0,"Elite P&R Handler, High Playmaking, High Usage, Elite P&R Handler, High Playmaking, High Usage, Elite Cutter, Elite Roll Man, Post Up, High Spot Up, Transition","Guards SF (), High High Difficulty, Versatile, Steals, Guards C (High Rebounding), High Steals, Versatile, Disruptor","Elite Off-Screen, Spot Up, Transition, Elite Post Up, High Roll Man, High Usage","Versatile, Anchor Big / Rim Protector"
NOP,High Pace + Rim/Midrange Focus + Transition Heavy,C. McCollum - D. Murray - Z. Williamson - Y. Missi,61.968333,15.0,"Elite P&R Handler, High Playmaking, High Usage, Elite P&R Handler, High Playmaking, High Usage, Elite Iso, Elite Usage, High Playmaking, Elite Cutter, Elite Roll Man, Post Up","Guards SF (), High High Difficulty, Versatile, Steals, Versatile, Anchor Big / Rim Protector","Elite Off-Screen, Spot Up, Transition, Elite Post Up, High Roll Man, High Usage, High Spot Up, Transition","High Steals, Versatile, Disruptor"
NOP,High Pace + Rim/Midrange Focus + Transition Heavy,C. McCollum - Z. Williamson - J. Alvarado - Y. Missi,62.116667,14.0,"Elite P&R Handler, High Playmaking, High Usage, Elite Iso, Elite Usage, High Playmaking, Elite P&R Handler, High Playmaking, High Usage, Elite Cutter, Elite Roll Man, Post Up","Guards SF (), Versatile, Guards PG (High Disruptor), Anchor Big / Rim Protector","Elite Off-Screen, Spot Up, Transition, Elite Post Up, High Roll Man, High Usage, High Spot Up, Transition","High High Difficulty, Versatile, Steals, High Steals, Versatile, Disruptor"
NOP,High Pace + Rim/Midrange Focus + Transition Heavy,C. McCollum - D. Murray - Z. Williamson - T. Murphy III,78.151667,13.0,"Elite P&R Handler, High Playmaking, High Usage, Elite P&R Handler, High Playmaking, High Usage, Elite Iso, Elite Usage, High Playmaking, P&R Handler, Transition, Spot Up","Guards SF (), High High Difficulty, Versatile, Steals, Versatile, High Steals, Versatile, Disruptor","Elite Off-Screen, Spot Up, Transition, Elite Cutter, Elite Roll Man, Post Up, Elite Post Up, High Roll Man, High Usage, High Spot Up, Transition",Anchor Big / Rim Protector
MEM,High Pace + Rim/Midrange Focus + Transition Heavy,J. Jackson Jr. - J. Morant - Z. Edey - J. Wells,325.043333,172.0,"Elite Post Up, High Roll Man, High Usage, Elite Iso, Elite Usage, High Playmaking, Elite Post Up, High Roll Man, High Usage, High Spot Up, Transition","High Steals, Versatile, Disruptor, Guards PG (High Disruptor), Anchor Big / Rim Protector, High High Difficulty, Versatile, Steals","Elite P&R Handler, High Playmaking, High Usage, Elite Off-Screen, Spot Up, Transition, Elite Cutter, Elite Roll Man, Post Up","Versatile, Guards SF ()"
MEM,High Pace + Rim/Midrange Focus + Transition Heavy,J. Jackson Jr. - D. Bane - Z. Edey - J. Wells,393.031667,142.0,"Elite Post Up, High Roll Man, High Usage, Elite P&R Handler, High Playmaking, High Usage, Elite Post Up, High Roll Man, High Usage, High Spot Up, Transition","High Steals, Versatile, Disruptor, High Steals, Versatile, Disruptor, Anchor Big / Rim Protector, High High Difficulty, Versatile, Steals","Elite Off-Screen, Spot Up, Transition, Elite Cutter, Elite Roll Man, Post Up","Versatile, Guards SF ()"
MEM,High Pace + Rim/Midrange Focus + Transition Heavy,J. Jackson Jr. - J. Morant - D. Bane - J. Wells,376.395,125.0,"Elite Post Up, High Roll Man, High Usage, Elite Iso, Elite Usage, High Playmaking, Elite P&R Handler, High Playmaking, High Usage, High Spot Up, Transition","High Steals, Versatile, Disruptor, Guards PG (High Disruptor), High Steals, Versatile, Disruptor, High High Difficulty, Versatile, Steals","Elite Off-Screen, Spot Up, Transition, Elite Cutter, Elite Roll Man, Post Up","Versatile, Anchor Big / Rim Protector, Guards SF ()"
MEM,High Pace + Rim/Midrange Focus + Transition Heavy,J. Morant - D. Bane - Z. Edey - J. Wells,315.81,110.0,"Elite Iso, Elite Usage, High Playmaking, Elite P&R Handler, High Playmaking, High Usage, Elite Post Up, High Roll Man, High Usage, High Spot Up, Transition","Guards PG (High Disruptor), High Steals, Versatile, Disruptor, Anchor Big / Rim Protector, High High Difficulty, Versatile, Steals","Elite Off-Screen, Spot Up, Transition, Elite Cutter, Elite Roll Man, Post Up","Versatile, Guards SF ()"
MEM,High Pace + Rim/Midrange Focus + Transition Heavy,J. Jackson Jr. - J. Morant - D. Bane - Z. Edey,288.42,99.0,"Elite Post Up, High Roll Man, High Usage, Elite Iso, Elite Usage, High Playmaking, Elite P&R Handler, High Playmaking, High Usage, Elite Post Up, High Roll Man, High Usage","High Steals, Versatile, Disruptor, Guards PG (High Disruptor), High Steals, Versatile, Disruptor, Anchor Big / Rim Protector","Elite Off-Screen, Spot Up, Transition, Elite Cutter, Elite Roll Man, Post Up, High Spot Up, Transition","Versatile, High High Difficulty, Versatile, Steals, Guards SF ()"
GSW,3-Point Heavy,J. Butler III - D. Green - M. Moody - B. Podziemski,372.488333,101.0,"Elite Iso, Elite Usage, High Playmaking, High Spot Up, Transition, Elite Off-Screen, Spot Up, Transition, P&R Handler, Transition, Spot Up","High Steals, Versatile, Disruptor, High Steals, Versatile, Disruptor, High Steals, Versatile, Disruptor, High High Difficulty, Versatile, Steals","Elite Cutter, Elite Roll Man, Post Up","Versatile, Guards PG (High Disruptor), Anchor Big / Rim Protector"
GSW,3-Point Heavy,S. Curry - J. Butler III - D. Green - B. Podziemski,292.49,100.0,"Elite P&R Handler, High Playmaking, High Usage, Elite Iso, Elite Usage, High Playmaking, High Spot Up, Transition, P&R Handler, Transition, Spot Up","Guards SF (), High Steals, Versatile, Disruptor, High Steals, Versatile, Disruptor, High High Difficulty, Versatile, Steals","Elite Off-Screen, Spot Up, Transition, Elite Cutter, Elite Roll Man, Post Up","Versatile, Guards PG (High Disruptor), Anchor Big / Rim Protector"
GSW,3-Point Heavy,S. Curry - D. Green - M. Moody - B. Podziemski,268.741667,97.0,"Elite P&R Handler, High Playmaking, High Usage, High Spot Up, Transition, Elite Off-Screen, Spot Up, Transition, P&R Handler, Transition, Spot Up","Guards SF (), High Steals, Versatile, Disruptor, High Steals, Versatile, Disruptor, High High Difficulty, Versatile, Steals","Elite Iso, Elite Usage, High Playmaking, Elite Cutter, Elite Roll Man, Post Up","Versatile, Guards PG (High Disruptor), Anchor Big / Rim Protector"
GSW,3-Point Heavy,S. Curry - J. Butler III - M. Moody - B. Podziemski,216.085,90.0,"Elite P&R Handler, High Playmaking, High Usage, Elite Iso, Elite Usage, High Playmaking, Elite Off-Screen, Spot Up, Transition, P&R Handler, Transition, Spot Up","Guards SF (), High Steals, Versatile, Disruptor, High Steals, Versatile, Disruptor, High High Difficulty, Versatile, Steals","Elite Cutter, Elite Roll Man, Post Up, High Spot Up, Transition","Versatile, Guards PG (High Disruptor), Anchor Big / Rim Protector"
GSW,3-Point Heavy,J. Butler III - D. Green - B. Podziemski - Q. Post,182.938333,85.0,"Elite Iso, Elite Usage, High Playmaking, High Spot Up, Transition, P&R Handler, Transition, Spot Up, High Spot Up, Transition","High Steals, Versatile, Disruptor, High Steals, Versatile, Disruptor, High High Difficulty, Versatile, Steals, Guards C (High Rebounding)","Elite Off-Screen, Spot Up, Transition, Elite Cutter, Elite Roll Man, Post Up","Versatile, Guards PG (High Disruptor), Anchor Big / Rim Protector"
UTA,Iso/Heliocentric + Glass Crashers,J. Collins - C. Sexton - W. Kessler - K. George,262.273333,51.0,"Elite Post Up, High Roll Man, High Usage, Elite P&R Handler, High Playmaking, High Usage, Elite Cutter, Elite Roll Man, Post Up, Elite P&R Handler, High Playmaking, High Usage","Versatile, Guards SF (), Anchor Big / Rim Protector, High High Difficulty, Versatile, Steals","P&R Handler, Transition, Spot Up, High Spot Up, Transition","Guards C (High Rebounding), High High Difficulty, Versatile, Steals"
UTA,Iso/Heliocentric + Glass Crashers,L. Markkanen - J. Collins - C. Sexton - W. Kessler,259.671667,43.0,"Elite Off-Screen, Spot Up, Transition, Elite Post Up, High Roll Man, High Usage, Elite P&R Handler, High Playmaking, High Usage, Elite Cutter, Elite Roll Man, Post Up","Versatile, Versatile, Guards SF (), Anchor Big / Rim Protector","Elite P&R Handler, High Playmaking, High Usage, P&R Handler, Transition, Spot Up, High Spot Up, Transition","Guards C (High Rebounding), High High Difficulty, Versatile, Steals"
UTA,Iso/Heliocentric + Glass Crashers,L. Markkanen - J. Collins - W. Kessler - I. Collier,101.475,28.0,"Elite Off-Screen, Spot Up, Transition, Elite Post Up, High Roll Man, High Usage, Elite Cutter, Elite Roll Man, Post Up, Elite P&R Handler, High Playmaking, High Usage","Versatile, Versatile, Anchor Big / Rim Protector, High High Difficulty, Versatile, Steals","Elite P&R Handler, High Playmaking, High Usage, P&R Handler, Transition, Spot Up, High Spot Up, Transition","Guards C (High Rebounding), High High Difficulty, Versatile, Steals, Guards SF ()"
UTA,Iso/Heliocentric + Glass Crashers,J. Collins - C. Sexton - W. Kessler - I. Collier,60.83,25.0,"Elite Post Up, High Roll Man, High Usage, Elite P&R Handler, High Playmaking, High Usage, Elite Cutter, Elite Roll Man, Post Up, Elite P&R Handler, High Playmaking, High Usage","Versatile, Guards SF (), Anchor Big / Rim Protector, High High Difficulty, Versatile, Steals","P&R Handler, Transition, Spot Up, High Spot Up, Transition","Guards C (High Rebounding), High High Difficulty, Versatile, Steals"
UTA,Iso/Heliocentric + Glass Crashers,L. Markkanen - J. Collins - W. Kessler - K. George,269.753333,21.0,"Elite Off-Screen, Spot Up, Transition, Elite Post Up, High Roll Man, High Usage, Elite Cutter, Elite Roll Man, Post Up, Elite P&R Handler, High Playmaking, High Usage","Versatile, Versatile, Anchor Big / Rim Protector, High High Difficulty, Versatile, Steals","Elite P&R Handler, High Playmaking, High Usage, P&R Handler, Transition, Spot Up, High Spot Up, Transition","Guards C (High Rebounding), High High Difficulty, Versatile, Steals, Guards SF ()"
TOR,High Pace + Rim/Midrange Focus + Transition Heavy,J. Poeltl - R. Barrett - D. Mitchell - S. Barnes,204.56,45.0,"Elite Cutter, Elite Roll Man, Post Up, Elite P&R Handler, High Playmaking, High Usage, P&R Handler, Transition, Spot Up, Elite Iso, Elite Usage, High Playmaking","Anchor Big / Rim Protector, Versatile, High High Difficulty, Versatile, Steals, High Steals, Versatile, Disruptor","Elite Off-Screen, Spot Up, Transition, Elite Post Up, High Roll Man, High Usage, High Spot Up, Transition",Guards SF ()
TOR,High Pace + Rim/Midrange Focus + Transition Heavy,J. Poeltl - R. Barrett - O. Agbaji - S. Barnes,195.861667,39.0,"Elite Cutter, Elite Roll Man, Post Up, Elite P&R Handler, High Playmaking, High Usage, High Spot Up, Transition, Elite Iso, Elite Usage, High Playmaking","Anchor Big / Rim Protector, Versatile, High High Difficulty, Versatile, Steals, High Steals, Versatile, Disruptor","Elite Off-Screen, Spot Up, Transition, Elite Post Up, High Roll Man, High Usage",Guards SF ()
TOR,High Pace + Rim/Midrange Focus + Transition Heavy,J. Poeltl - I. Quickley - S. Barnes - J. Walter,75.69,38.0,"Elite Cutter, Elite Roll Man, Post Up, Elite P&R Handler, High Playmaking, High Usage, Elite Iso, Elite Usage, High Playmaking, High Spot Up, Transition","Anchor Big / Rim Protector, Guards PG (High Disruptor), High Steals, Versatile, Disruptor, Guards SF ()","Elite Off-Screen, Spot Up, Transition, Elite Post Up, High Roll Man, High Usage","Versatile, High High Difficulty, Versatile, Steals"
TOR,High Pace + Rim/Midrange Focus + Transition Heavy,J. Poeltl - O. Agbaji - S. Barnes - J. Walter,90.408333,29.0,"Elite Cutter, Elite Roll Man, Post Up, High Spot Up, Transition, Elite Iso, Elite Usage, High Playmaking, High Spot Up, Transition","Anchor Big / Rim Protector, High High Difficulty, Versatile, Steals, High Steals, Versatile, Disruptor, Guards SF ()","Elite P&R Handler, High Playmaking, High Usage, Elite Off-Screen, Spot Up, Transition, Elite Post Up, High Roll Man, High Usage",Versatile
TOR,High Pace + Rim/Midrange Focus + Transition Heavy,J. Poeltl - C. Boucher - G. Dick - J. Shead,58.315,27.0,"Elite Cutter, Elite Roll Man, Post Up, High Spot Up, Transition, Elite Off-Screen, Spot Up, Transition, Elite P&R Handler, High Playmaking, High Usage","Anchor Big / Rim Protector, Versatile, Guards SF (), Guards PG (High Disruptor)","Elite Post Up, High Roll Man, High Usage","High High Difficulty, Versatile, Steals, High Steals, Versatile, Disruptor"
PHI,Balanced / Average Style,P. George - K. Oubre Jr. - G. Yabusele - C. Martin,92.583333,46.0,"Elite Iso, Elite Usage, High Playmaking, P&R Handler, Transition, Spot Up, Elite Post Up, High Roll Man, High Usage, P&R Handler, Transition, Spot Up","High Steals, Versatile, Disruptor, High Steals, Versatile, Disruptor, Guards C (High Rebounding), High High Difficulty, Versatile, Steals","Elite Off-Screen, Spot Up, Transition, High Spot Up, Transition","Versatile, Anchor Big / Rim Protector, Guards SF ()"
PHI,Balanced / Average Style,P. George - K. Oubre Jr. - G. Yabusele - T. Maxey,320.065,41.0,"Elite Iso, Elite Usage, High Playmaking, P&R Handler, Transition, Spot Up, Elite Post Up, High Roll Man, High Usage, Elite P&R Handler, High Playmaking, High Usage","High Steals, Versatile, Disruptor, High Steals, Versatile, Disruptor, Guards C (High Rebounding), High High Difficulty, Versatile, Steals","Elite Off-Screen, Spot Up, Transition, High Spot Up, Transition","Versatile, Anchor Big / Rim Protector, Guards SF ()"
PHI,Balanced / Average Style,K. Oubre Jr. - G. Yabusele - C. Martin - T. Maxey,183.976667,40.0,"P&R Handler, Transition, Spot Up, Elite Post Up, High Roll Man, High Usage, P&R Handler, Transition, Spot Up, Elite P&R Handler, High Playmaking, High Usage","High Steals, Versatile, Disruptor, Guards C (High Rebounding), High High Difficulty, Versatile, Steals, High High Difficulty, Versatile, Steals","Elite Off-Screen, Spot Up, Transition, Elite Iso, Elite Usage, High Playmaking, High Spot Up, Transition","Versatile, Anchor Big / Rim Protector, Guards SF ()"
PHI,Balanced / Average Style,P. George - G. Yabusele - C. Martin - T. Maxey,144.483333,31.0,"Elite Iso, Elite Usage, High Playmaking, Elite Post Up, High Roll Man, High Usage, P&R Handler, Transition, Spot Up, Elite P&R Handler, High Playmaking, High Usage","High Steals, Versatile, Disruptor, Guards C (High Rebounding), High High Difficulty, Versatile, Steals, High High Difficulty, Versatile, Steals","Elite Off-Screen, Spot Up, Transition, High Spot Up, Transition","Versatile, Anchor Big / Rim Protector, Guards SF ()"
PHI,Balanced / Average Style,P. George - K. Oubre Jr. - T. Maxey - K. Martin,93.715,29.0,"Elite Iso, Elite Usage, High Playmaking, P&R Handler, Transition, Spot Up, Elite P&R Handler, High Playmaking, High Usage, High Spot Up, Transition","High Steals, Versatile, Disruptor, High Steals, Versatile, Disruptor, High High Difficulty, Versatile, Steals, Versatile","Elite Off-Screen, Spot Up, Transition, Elite Post Up, High Roll Man, High Usage","Anchor Big / Rim Protector, Guards SF ()"
CHA,3-Point Heavy,M. Bridges - D. Jeffries - J. Green - M. Williams,105.946667,29.0,"Elite P&R Handler, High Playmaking, High Usage, High Spot Up, Transition, Elite Off-Screen, Spot Up, Transition, Elite Cutter, Elite Roll Man, Post Up","Versatile, Guards SF (), High High Difficulty, Versatile, Steals, Anchor Big / Rim Protector","Elite Iso, Elite Usage, High Playmaking, P&R Handler, Transition, Spot Up","Guards PG (High Disruptor), High Steals, Versatile, Disruptor"
CHA,3-Point Heavy,G. Williams - L. Ball - M. Diabate - B. Miller,64.601667,24.0,"High Spot Up, Transition, Elite P&R Handler, High Playmaking, High Usage, Elite Cutter, Elite Roll Man, Post Up, Elite Off-Screen, Spot Up, Transition","Guards C (High Rebounding), Guards PG (High Disruptor), Guards C (High Rebounding), Guards SF ()","Elite Iso, Elite Usage, High Playmaking, P&R Handler, Transition, Spot Up","Versatile, High High Difficulty, Versatile, Steals, Anchor Big / Rim Protector, High Steals, Versatile, Disruptor"
CHA,3-Point Heavy,C. Martin - G. Williams - L. Ball - B. Miller,78.131667,24.0,"P&R Handler, Transition, Spot Up, High Spot Up, Transition, Elite P&R Handler, High Playmaking, High Usage, Elite Off-Screen, Spot Up, Transition","High Steals, Versatile, Disruptor, Guards C (High Rebounding), Guards PG (High Disruptor), Guards SF ()","Elite Iso, Elite Usage, High Playmaking, Elite Cutter, Elite Roll Man, Post Up","Versatile, High High Difficulty, Versatile, Steals, Anchor Big / Rim Protector"
CHA,3-Point Heavy,M. Bridges - D. Jeffries - L. Ball - M. Williams,109.805,20.0,"Elite P&R Handler, High Playmaking, High Usage, High Spot Up, Transition, Elite P&R Handler, High Playmaking, High Usage, Elite Cutter, Elite Roll Man, Post Up","Versatile, Guards SF (), Guards PG (High Disruptor), Anchor Big / Rim Protector","Elite Off-Screen, Spot Up, Transition, Elite Iso, Elite Usage, High Playmaking, P&R Handler, Transition, Spot Up","High High Difficulty, Versatile, Steals, High Steals, Versatile, Disruptor"
CHA,3-Point Heavy,L. Ball - J. Green - M. Williams - B. Miller,77.408333,14.0,"Elite P&R Handler, High Playmaking, High Usage, Elite Off-Screen, Spot Up, Transition, Elite Cutter, Elite Roll Man, Post Up, Elite Off-Screen, Spot Up, Transition","Guards PG (High Disruptor), High High Difficulty, Versatile, Steals, Anchor Big / Rim Protector, Guards SF ()","Elite Iso, Elite Usage, High Playmaking, P&R Handler, Transition, Spot Up, High Spot Up, Transition","Versatile, High Steals, Versatile, Disruptor"
PHX,3-Point Heavy,K. Durant - T. Jones - R. O'Neale - G. Allen,102.866667,68.0,"Elite Iso, Elite Usage, High Playmaking, P&R Handler, Transition, Spot Up, High Spot Up, Transition, Elite Off-Screen, Spot Up, Transition","Versatile, Guards PG (High Disruptor), High Steals, Versatile, Disruptor, Guards SF ()","Elite Cutter, Elite Roll Man, Post Up","High High Difficulty, Versatile, Steals, Anchor Big / Rim Protector"
PHX,3-Point Heavy,K. Durant - J. Nurkić - D. Booker - R. O'Neale,89.19,55.0,"Elite Iso, Elite Usage, High Playmaking, Elite Post Up, High Roll Man, High Usage, Elite P&R Handler, High Playmaking, High Usage, High Spot Up, Transition","Versatile, Anchor Big / Rim Protector, Guards SF (), High Steals, Versatile, Disruptor","Elite Off-Screen, Spot Up, Transition, Elite Cutter, Elite Roll Man, Post Up, P&R Handler, Transition, Spot Up","Guards PG (High Disruptor), High High Difficulty, Versatile, Steals"
PHX,3-Point Heavy,M. Plumlee - T. Jones - D. Booker - R. Dunn,204.686667,55.0,"Elite Cutter, Elite Roll Man, Post Up, P&R Handler, Transition, Spot Up, Elite P&R Handler, High Playmaking, High Usage, High Spot Up, Transition","Anchor Big / Rim Protector, Guards PG (High Disruptor), Guards SF (), High High Difficulty, Versatile, Steals","Elite Off-Screen, Spot Up, Transition, Elite Iso, Elite Usage, High Playmaking","Versatile, High Steals, Versatile, Disruptor"
PHX,3-Point Heavy,K. Durant - M. Plumlee - T. Jones - D. Booker,186.965,51.0,"Elite Iso, Elite Usage, High Playmaking, Elite Cutter, Elite Roll Man, Post Up, P&R Handler, Transition, Spot Up, Elite P&R Handler, High Playmaking, High Usage","Versatile, Anchor Big / Rim Protector, Guards PG (High Disruptor), Guards SF ()","Elite Off-Screen, Spot Up, Transition, High Spot Up, Transition","High High Difficulty, Versatile, Steals, High Steals, Versatile, Disruptor"
PHX,3-Point Heavy,M. Plumlee - T. Jones - R. O'Neale - G. Allen,118.606667,44.0,"Elite Cutter, Elite Roll Man, Post Up, P&R Handler, Transition, Spot Up, High Spot Up, Transition, Elite Off-Screen, Spot Up, Transition","Anchor Big / Rim Protector, Guards PG (High Disruptor), High Steals, Versatile, Disruptor, Guards SF ()","Elite Iso, Elite Usage, High Playmaking","Versatile, High High Difficulty, Versatile, Steals"
BKN,3-Point Heavy,D. Schröder - D. Finney-Smith - C. Johnson - J. Wilson,67.361667,48.0,"Elite P&R Handler, High Playmaking, High Usage, High Spot Up, Transition, Elite Off-Screen, Spot Up, Transition, High Spot Up, Transition","High High Difficulty, Versatile, Steals, High High Difficulty, Versatile, Steals, Guards SF (), Guards SF ()","Elite Iso, Elite Usage, High Playmaking, Elite Cutter, Elite Roll Man, Post Up, P&R Handler, Transition, Spot Up","Versatile, Guards PG (High Disruptor), Anchor Big / Rim Protector, High Steals, Versatile, Disruptor"
BKN,3-Point Heavy,D. Schröder - D. Finney-Smith - C. Johnson - C. Thomas,246.066667,43.0,"Elite P&R Handler, High Playmaking, High Usage, High Spot Up, Transition, Elite Off-Screen, Spot Up, Transition, Elite P&R Handler, High Playmaking, High Usage","High High Difficulty, Versatile, Steals, High High Difficulty, Versatile, Steals, Guards SF (), Guards SF ()","Elite Iso, Elite Usage, High Playmaking, Elite Cutter, Elite Roll Man, Post Up, P&R Handler, Transition, Spot Up","Versatile, Guards PG (High Disruptor), Anchor Big / Rim Protector, High Steals, Versatile, Disruptor"
BKN,3-Point Heavy,D. Finney-Smith - N. Claxton - C. Johnson - C. Thomas,108.791667,29.0,"High Spot Up, Transition, Elite Cutter, Elite Roll Man, Post Up, Elite Off-Screen, Spot Up, Transition, Elite P&R Handler, High Playmaking, High Usage","High High Difficulty, Versatile, Steals, Anchor Big / Rim Protector, Guards SF (), Guards SF ()","Elite Iso, Elite Usage, High Playmaking, P&R Handler, Transition, Spot Up","Versatile, Guards PG (High Disruptor), High Steals, Versatile, Disruptor"
BKN,3-Point Heavy,D. Schröder - D. Finney-Smith - N. Claxton - C. Thomas,110.641667,27.0,"Elite P&R Handler, High Playmaking, High Usage, High Spot Up, Transition, Elite Cutter, Elite Roll Man, Post Up, Elite P&R Handler, High Playmaking, High Usage","High High Difficulty, Versatile, Steals, High High Difficulty, Versatile, Steals, Anchor Big / Rim Protector, Guards SF ()","Elite Off-Screen, Spot Up, Transition, Elite Iso, Elite Usage, High Playmaking, P&R Handler, Transition, Spot Up","Versatile, Guards PG (High Disruptor), High Steals, Versatile, Disruptor"
BKN,3-Point Heavy,D. Sharpe - K. Johnson - J. Wilson - T. Martin,116.085,27.0,"Elite Cutter, Elite Roll Man, Post Up, P&R Handler, Transition, Spot Up, High Spot Up, Transition, P&R Handler, Transition, Spot Up","Anchor Big / Rim Protector, High High Difficulty, Versatile, Steals, Guards SF (), Guards SF ()","Elite Off-Screen, Spot Up, Transition, Elite Iso, Elite Usage, High Playmaking","Versatile, Guards PG (High Disruptor), High Steals, Versatile, Disruptor"
DAL,Balanced / Average Style,K. Irving - K. Thompson - P. Washington - D. Lively II,193.528333,112.0,"Elite Iso, Elite Usage, High Playmaking, Elite Off-Screen, Spot Up, Transition, P&R Handler, Transition, Spot Up, Elite Cutter, Elite Roll Man, Post Up","High High Difficulty, Versatile, Steals, Guards SF (), High Steals, Versatile, Disruptor, Anchor Big / Rim Protector","Elite Post Up, High Roll Man, High Usage, High Spot Up, Transition",Versatile
DAL,Balanced / Average Style,K. Irving - P. Washington - L. Dončić - D. Lively II,145.063333,81.0,"Elite Iso, Elite Usage, High Playmaking, P&R Handler, Transition, Spot Up, Elite Iso, Elite Usage, High Playmaking, Elite Cutter, Elite Roll Man, Post Up","High High Difficulty, Versatile, Steals, High Steals, Versatile, Disruptor, High Steals, Versatile, Disruptor, Anchor Big / Rim Protector","Elite Off-Screen, Spot Up, Transition, Elite Post Up, High Roll Man, High Usage, High Spot Up, Transition","Versatile, Guards SF ()"
DAL,Balanced / Average Style,K. Thompson - P. Washington - L. Dončić - D. Lively II,153.411667,68.0,"Elite Off-Screen, Spot Up, Transition, P&R Handler, Transition, Spot Up, Elite Iso, Elite Usage, High Playmaking, Elite Cutter, Elite Roll Man, Post Up","Guards SF (), High Steals, Versatile, Disruptor, High Steals, Versatile, Disruptor, Anchor Big / Rim Protector","Elite Post Up, High Roll Man, High Usage, High Spot Up, Transition","Versatile, High High Difficulty, Versatile, Steals"
DAL,Balanced / Average Style,K. Irving - K. Thompson - L. Dončić - D. Lively II,157.445,56.0,"Elite Iso, Elite Usage, High Playmaking, Elite Off-Screen, Spot Up, Transition, Elite Iso, Elite Usage, High Playmaking, Elite Cutter, Elite Roll Man, Post Up","High High Difficulty, Versatile, Steals, Guards SF (), High Steals, Versatile, Disruptor, Anchor Big / Rim Protector","P&R Handler, Transition, Spot Up, Elite Post Up, High Roll Man, High Usage, High Spot Up, Transition",Versatile
DAL,Balanced / Average Style,K. Irving - K. Thompson - P. Washington - L. Dončić,240.593333,56.0,"Elite Iso, Elite Usage, High Playmaking, Elite Off-Screen, Spot Up, Transition, P&R Handler, Transition, Spot Up, Elite Iso, Elite Usage, High Playmaking","High High Difficulty, Versatile, Steals, Guards SF (), High Steals, Versatile, Disruptor, High Steals, Versatile, Disruptor","Elite Post Up, High Roll Man, High Usage, High Spot Up, Transition","Versatile, Anchor Big / Rim Protector"
