Team,Budget_Status,Player,Action,Contract_Value,Contract_Type,Fit_Reason,Archetypes,Score
NYK,Over Cap (MLE/Min only),Chris Boucher,Sign (Cap Space/MLE),"$3,287,409",Minimum/Low,Defensive Fit,"High Spot Up, Transition / Versatile",1
NYK,Over Cap (MLE/Min only),Sandro Mamukelashvili,Sign (Cap Space/MLE),"$2,631,405",Minimum/Low,Defensive Fit,"High Spot Up, Transition / Versatile",1
NYK,Over Cap (MLE/Min only),Trendon Watford,Sign (Cap Space/MLE),"$2,631,405",Minimum/Low,Defensive Fit,"Elite P&R Handler, High Playmaking, High Usage / Versatile",1
NYK,Over Cap (MLE/Min only),Malcolm Brogdon,Re-sign (Bird Rights),"$3,303,774",Minimum/Low,Defensive Fit,"Elite P&R Handler, High Playmaking, High Usage / Guards SF ()",1
NYK,Over Cap (MLE/Min only),Landry Shamet,Re-sign (Bird Rights),"$3,080,921",Minimum/Low,Defensive Fit,"Elite Off-Screen, Spot Up, Transition / Guards SF ()",1
NYK,Over Cap (MLE/Min only),Doug McDermott,Sign (Cap Space/MLE),"$3,634,153",Minimum/Low,Defensive Fit,Unknown / Guards SF (),1
MIN,Over Cap (MLE/Min only),Chris Boucher,Sign (Cap Space/MLE),"$3,287,409",Minimum/Low,Defensive Fit,"High Spot Up, Transition / Versatile",1
MIN,Over Cap (MLE/Min only),Sandro Mamukelashvili,Sign (Cap Space/MLE),"$2,631,405",Minimum/Low,Defensive Fit,"High Spot Up, Transition / Versatile",1
MIN,Over Cap (MLE/Min only),Trendon Watford,Sign (Cap Space/MLE),"$2,631,405",Minimum/Low,Defensive Fit,"Elite P&R Handler, High Playmaking, High Usage / Versatile",1
MIN,Over Cap (MLE/Min only),Bismack Biyombo,Sign (Cap Space/MLE),"$3,634,153",Minimum/Low,Defensive Fit,Balanced / Low Usage Role / Anchor Big / Rim Protector,1
MIN,Over Cap (MLE/Min only),Alex Len,Sign (Cap Space/MLE),"$3,634,153",Minimum/Low,Defensive Fit,Unknown / Anchor Big / Rim Protector,1
MIN,Over Cap (MLE/Min only),Mason Plumlee,Sign (Cap Space/MLE),"$3,634,153",Minimum/Low,Defensive Fit,"Elite Cutter, Elite Roll Man, Post Up / Anchor Big / Rim Protector",1
DEN,Over Cap (MLE/Min only),Tim Hardaway Jr.,Re-sign (Bird Rights),"$3,634,153",Minimum/Low,Defensive Fit,"Elite Off-Screen, Spot Up, Transition / Guards SF ()",1
DEN,Over Cap (MLE/Min only),Kessler Edwards,Re-sign (Bird Rights),"$2,461,463",Minimum/Low,Defensive Fit,"High Spot Up, Transition / Versatile",1
DEN,Over Cap (MLE/Min only),Spencer Jones,Re-sign (Bird Rights),$0,Minimum/Low,Defensive Fit,Unknown / Guards SF (),1
DEN,Over Cap (MLE/Min only),Doug McDermott,Sign (Cap Space/MLE),"$3,634,153",Minimum/Low,Defensive Fit,Unknown / Guards SF (),1
DET,Over Cap (MLE/Min only),Chris Boucher,Sign (Cap Space/MLE),"$3,287,409",Minimum/Low,Defensive Fit,"High Spot Up, Transition / Versatile",1
DET,Over Cap (MLE/Min only),Sandro Mamukelashvili,Sign (Cap Space/MLE),"$2,631,405",Minimum/Low,Defensive Fit,"High Spot Up, Transition / Versatile",1
DET,Over Cap (MLE/Min only),Trendon Watford,Sign (Cap Space/MLE),"$2,631,405",Minimum/Low,Defensive Fit,"Elite P&R Handler, High Playmaking, High Usage / Versatile",1
DET,Over Cap (MLE/Min only),Duncan Robinson,Re-sign (Bird Rights),"$15,992,957",High Value,Defensive Fit,"Elite Off-Screen, Spot Up, Transition / Guards SF ()",1
DET,Over Cap (MLE/Min only),Doug McDermott,Sign (Cap Space/MLE),"$3,634,153",Minimum/Low,Defensive Fit,Unknown / Guards SF (),1
DET,Over Cap (MLE/Min only),Spencer Dinwiddie,Sign (Cap Space/MLE),"$3,634,153",Minimum/Low,Defensive Fit,"Elite Iso, Elite Usage, High Playmaking / Guards SF ()",1
DET,Over Cap (MLE/Min only),Paul Reed,Re-sign (Bird Rights),"$5,469,292",Mid-Level,Defensive Fit,Unknown / Anchor Big / Rim Protector,1
DET,Over Cap (MLE/Min only),Bismack Biyombo,Sign (Cap Space/MLE),"$3,634,153",Minimum/Low,Defensive Fit,Balanced / Low Usage Role / Anchor Big / Rim Protector,1
DET,Over Cap (MLE/Min only),Alex Len,Sign (Cap Space/MLE),"$3,634,153",Minimum/Low,Defensive Fit,Unknown / Anchor Big / Rim Protector,1
HOU,Over Cap (MLE/Min only),Jeff Green,Re-sign (Bird Rights),"$3,634,153",Minimum/Low,Defensive Fit,"High Spot Up, Transition / Guards SF ()",1
HOU,Over Cap (MLE/Min only),Isaiah Crawford,Re-sign (Bird Rights),$0,Minimum/Low,Defensive Fit,Unknown / Versatile,1
HOU,Over Cap (MLE/Min only),Doug McDermott,Sign (Cap Space/MLE),"$3,634,153",Minimum/Low,Defensive Fit,Unknown / Guards SF (),1
HOU,Over Cap (MLE/Min only),Spencer Dinwiddie,Sign (Cap Space/MLE),"$3,634,153",Minimum/Low,Defensive Fit,"Elite Iso, Elite Usage, High Playmaking / Guards SF ()",1
HOU,Over Cap (MLE/Min only),Chris Boucher,Sign (Cap Space/MLE),"$3,287,409",Minimum/Low,Defensive Fit,"High Spot Up, Transition / Versatile",1
HOU,Over Cap (MLE/Min only),Sandro Mamukelashvili,Sign (Cap Space/MLE),"$2,631,405",Minimum/Low,Defensive Fit,"High Spot Up, Transition / Versatile",1
SAC,Over Cap (MLE/Min only),Doug McDermott,Re-sign (Bird Rights),"$3,634,153",Minimum/Low,Defensive Fit,Unknown / Guards SF (),1
SAC,Over Cap (MLE/Min only),Spencer Dinwiddie,Sign (Cap Space/MLE),"$3,634,153",Minimum/Low,Defensive Fit,"Elite Iso, Elite Usage, High Playmaking / Guards SF ()",1
SAC,Over Cap (MLE/Min only),Seth Curry,Sign (Cap Space/MLE),"$3,634,153",Minimum/Low,Defensive Fit,"Elite Off-Screen, Spot Up, Transition / Guards SF ()",1
SAC,Over Cap (MLE/Min only),Bismack Biyombo,Sign (Cap Space/MLE),"$3,634,153",Minimum/Low,Defensive Fit,Balanced / Low Usage Role / Anchor Big / Rim Protector,1
SAC,Over Cap (MLE/Min only),Alex Len,Sign (Cap Space/MLE),"$3,634,153",Minimum/Low,Defensive Fit,Unknown / Anchor Big / Rim Protector,1
IND,Over Cap (MLE/Min only),Chris Boucher,Sign (Cap Space/MLE),"$3,287,409",Minimum/Low,Defensive Fit,"High Spot Up, Transition / Versatile",1
IND,Over Cap (MLE/Min only),Sandro Mamukelashvili,Sign (Cap Space/MLE),"$2,631,405",Minimum/Low,Defensive Fit,"High Spot Up, Transition / Versatile",1
IND,Over Cap (MLE/Min only),Trendon Watford,Sign (Cap Space/MLE),"$2,631,405",Minimum/Low,Defensive Fit,"Elite P&R Handler, High Playmaking, High Usage / Versatile",1
IND,Over Cap (MLE/Min only),Bismack Biyombo,Sign (Cap Space/MLE),"$3,634,153",Minimum/Low,Defensive Fit,Balanced / Low Usage Role / Anchor Big / Rim Protector,1
IND,Over Cap (MLE/Min only),Alex Len,Sign (Cap Space/MLE),"$3,634,153",Minimum/Low,Defensive Fit,Unknown / Anchor Big / Rim Protector,1
IND,Over Cap (MLE/Min only),Mason Plumlee,Sign (Cap Space/MLE),"$3,634,153",Minimum/Low,Defensive Fit,"Elite Cutter, Elite Roll Man, Post Up / Anchor Big / Rim Protector",1
MIL,Over Cap (MLE/Min only),Myles Turner,Re-sign (Bird Rights),"$27,217,121",High Value,Defensive Fit,"Elite Post Up, High Roll Man, High Usage / Anchor Big / Rim Protector",1
MIL,Over Cap (MLE/Min only),Bismack Biyombo,Sign (Cap Space/MLE),"$3,634,153",Minimum/Low,Defensive Fit,Balanced / Low Usage Role / Anchor Big / Rim Protector,1
MIL,Over Cap (MLE/Min only),Alex Len,Sign (Cap Space/MLE),"$3,634,153",Minimum/Low,Defensive Fit,Unknown / Anchor Big / Rim Protector,1
MIL,Over Cap (MLE/Min only),Chris Boucher,Sign (Cap Space/MLE),"$3,287,409",Minimum/Low,Defensive Fit,"High Spot Up, Transition / Versatile",1
MIL,Over Cap (MLE/Min only),Sandro Mamukelashvili,Sign (Cap Space/MLE),"$2,631,405",Minimum/Low,Defensive Fit,"High Spot Up, Transition / Versatile",1
MIL,Over Cap (MLE/Min only),Trendon Watford,Sign (Cap Space/MLE),"$2,631,405",Minimum/Low,Defensive Fit,"Elite P&R Handler, High Playmaking, High Usage / Versatile",1
MIL,Over Cap (MLE/Min only),Amir Coffey,Re-sign (Bird Rights),"$2,874,436",Minimum/Low,Defensive Fit,"High Spot Up, Transition / Guards SF ()",1
MIL,Over Cap (MLE/Min only),Doug McDermott,Sign (Cap Space/MLE),"$3,634,153",Minimum/Low,Defensive Fit,Unknown / Guards SF (),1
MIL,Over Cap (MLE/Min only),Spencer Dinwiddie,Sign (Cap Space/MLE),"$3,634,153",Minimum/Low,Defensive Fit,"Elite Iso, Elite Usage, High Playmaking / Guards SF ()",1
LAC,Over Cap (MLE/Min only),Chris Boucher,Sign (Cap Space/MLE),"$3,287,409",Minimum/Low,Defensive Fit,"High Spot Up, Transition / Versatile",1
LAC,Over Cap (MLE/Min only),Sandro Mamukelashvili,Sign (Cap Space/MLE),"$2,631,405",Minimum/Low,Defensive Fit,"High Spot Up, Transition / Versatile",1
LAC,Over Cap (MLE/Min only),Trendon Watford,Sign (Cap Space/MLE),"$2,631,405",Minimum/Low,Defensive Fit,"Elite P&R Handler, High Playmaking, High Usage / Versatile",1
LAC,Over Cap (MLE/Min only),Doug McDermott,Sign (Cap Space/MLE),"$3,634,153",Minimum/Low,Defensive Fit,Unknown / Guards SF (),1
LAC,Over Cap (MLE/Min only),Spencer Dinwiddie,Sign (Cap Space/MLE),"$3,634,153",Minimum/Low,Defensive Fit,"Elite Iso, Elite Usage, High Playmaking / Guards SF ()",1
LAC,Over Cap (MLE/Min only),Seth Curry,Sign (Cap Space/MLE),"$3,634,153",Minimum/Low,Defensive Fit,"Elite Off-Screen, Spot Up, Transition / Guards SF ()",1
CLE,Over Cap (MLE/Min only),Ryan Rollins,Sign (Cap Space/MLE),"$4,000,000",Minimum/Low,Defensive Fit,"P&R Handler, Transition, Spot Up / Guards PG (High Disruptor)",1
CLE,Over Cap (MLE/Min only),Gary Harris,Sign (Cap Space/MLE),"$3,725,007",Minimum/Low,Defensive Fit,"Elite Off-Screen, Spot Up, Transition / Guards PG (High Disruptor)",1
CLE,Over Cap (MLE/Min only),Cameron Payne,Sign (Cap Space/MLE),"$3,634,153",Minimum/Low,Defensive Fit,"Elite P&R Handler, High Playmaking, High Usage / Guards PG (High Disruptor)",1
CLE,Over Cap (MLE/Min only),Thomas Bryant,Re-sign (Bird Rights),"$3,287,409",Minimum/Low,Defensive Fit,"Elite Cutter, Elite Roll Man, Post Up / Anchor Big / Rim Protector",1
BOS,Over Cap (MLE/Min only),Chris Boucher,Re-sign (Bird Rights),"$3,287,409",Minimum/Low,Defensive Fit,"High Spot Up, Transition / Versatile",1
BOS,Over Cap (MLE/Min only),Ryan Rollins,Sign (Cap Space/MLE),"$4,000,000",Minimum/Low,Defensive Fit,"P&R Handler, Transition, Spot Up / Guards PG (High Disruptor)",1
BOS,Over Cap (MLE/Min only),Gary Harris,Sign (Cap Space/MLE),"$3,725,007",Minimum/Low,Defensive Fit,"Elite Off-Screen, Spot Up, Transition / Guards PG (High Disruptor)",1
OKC,Over Cap (MLE/Min only),Doug McDermott,Sign (Cap Space/MLE),"$3,634,153",Minimum/Low,Defensive Fit,Unknown / Guards SF (),1
OKC,Over Cap (MLE/Min only),Spencer Dinwiddie,Sign (Cap Space/MLE),"$3,634,153",Minimum/Low,Defensive Fit,"Elite Iso, Elite Usage, High Playmaking / Guards SF ()",1
OKC,Over Cap (MLE/Min only),Seth Curry,Sign (Cap Space/MLE),"$3,634,153",Minimum/Low,Defensive Fit,"Elite Off-Screen, Spot Up, Transition / Guards SF ()",1
OKC,Over Cap (MLE/Min only),Bismack Biyombo,Sign (Cap Space/MLE),"$3,634,153",Minimum/Low,Defensive Fit,Balanced / Low Usage Role / Anchor Big / Rim Protector,1
OKC,Over Cap (MLE/Min only),Alex Len,Sign (Cap Space/MLE),"$3,634,153",Minimum/Low,Defensive Fit,Unknown / Anchor Big / Rim Protector,1
OKC,Over Cap (MLE/Min only),Mason Plumlee,Sign (Cap Space/MLE),"$3,634,153",Minimum/Low,Defensive Fit,"Elite Cutter, Elite Roll Man, Post Up / Anchor Big / Rim Protector",1
ORL,Over Cap (MLE/Min only),Bismack Biyombo,Sign (Cap Space/MLE),"$3,634,153",Minimum/Low,Defensive Fit,Balanced / Low Usage Role / Anchor Big / Rim Protector,1
ORL,Over Cap (MLE/Min only),Alex Len,Sign (Cap Space/MLE),"$3,634,153",Minimum/Low,Defensive Fit,Unknown / Anchor Big / Rim Protector,1
ORL,Over Cap (MLE/Min only),Doug McDermott,Sign (Cap Space/MLE),"$3,634,153",Minimum/Low,Defensive Fit,Unknown / Guards SF (),1
ORL,Over Cap (MLE/Min only),Spencer Dinwiddie,Sign (Cap Space/MLE),"$3,634,153",Minimum/Low,Defensive Fit,"Elite Iso, Elite Usage, High Playmaking / Guards SF ()",1
ORL,Over Cap (MLE/Min only),Seth Curry,Sign (Cap Space/MLE),"$3,634,153",Minimum/Low,Defensive Fit,"Elite Off-Screen, Spot Up, Transition / Guards SF ()",1
ATL,Over Cap (MLE/Min only),Jacob Toppin,Re-sign (Bird Rights),$0,Minimum/Low,Defensive Fit,Unknown / Versatile,1
ATL,Over Cap (MLE/Min only),Chris Boucher,Sign (Cap Space/MLE),"$3,287,409",Minimum/Low,Defensive Fit,"High Spot Up, Transition / Versatile",1
ATL,Over Cap (MLE/Min only),Sandro Mamukelashvili,Sign (Cap Space/MLE),"$2,631,405",Minimum/Low,Defensive Fit,"High Spot Up, Transition / Versatile",1
ATL,Over Cap (MLE/Min only),Charles Bassey,Re-sign (Bird Rights),"$2,461,463",Minimum/Low,Defensive Fit,"Elite Cutter, Elite Roll Man, Post Up / Anchor Big / Rim Protector",1
ATL,Over Cap (MLE/Min only),Bismack Biyombo,Sign (Cap Space/MLE),"$3,634,153",Minimum/Low,Defensive Fit,Balanced / Low Usage Role / Anchor Big / Rim Protector,1
MIA,Over Cap (MLE/Min only),Dru Smith,Re-sign (Bird Rights),"$2,632,717",Minimum/Low,Defensive Fit,"P&R Handler, Transition, Spot Up / Guards PG (High Disruptor)",1
MIA,Over Cap (MLE/Min only),Ryan Rollins,Sign (Cap Space/MLE),"$4,000,000",Minimum/Low,Defensive Fit,"P&R Handler, Transition, Spot Up / Guards PG (High Disruptor)",1
MIA,Over Cap (MLE/Min only),Gary Harris,Sign (Cap Space/MLE),"$3,725,007",Minimum/Low,Defensive Fit,"Elite Off-Screen, Spot Up, Transition / Guards PG (High Disruptor)",1
POR,Over Cap (MLE/Min only),Moritz Wagner,Sign (Cap Space/MLE),"$5,000,000",Minimum/Low,Defensive Fit,"Elite Post Up, High Roll Man, High Usage / Guards C (High Rebounding)",1
POR,Over Cap (MLE/Min only),Larry Nance Jr.,Sign (Cap Space/MLE),"$3,634,153",Minimum/Low,Defensive Fit,"Elite Cutter, Elite Roll Man, Post Up / Guards C (High Rebounding)",1
POR,Over Cap (MLE/Min only),Chris Boucher,Sign (Cap Space/MLE),"$3,287,409",Minimum/Low,Defensive Fit,"High Spot Up, Transition / Versatile",1
POR,Over Cap (MLE/Min only),MarJon Beauchamp,Re-sign (Bird Rights),"$2,378,870",Minimum/Low,Defensive Fit,Unknown / Guards SF (),1
POR,Over Cap (MLE/Min only),Doug McDermott,Sign (Cap Space/MLE),"$3,634,153",Minimum/Low,Defensive Fit,Unknown / Guards SF (),1
POR,Over Cap (MLE/Min only),Spencer Dinwiddie,Sign (Cap Space/MLE),"$3,634,153",Minimum/Low,Defensive Fit,"Elite Iso, Elite Usage, High Playmaking / Guards SF ()",1
WAS,Over Cap (MLE/Min only),Bismack Biyombo,Sign (Cap Space/MLE),"$3,634,153",Minimum/Low,Defensive Fit,Balanced / Low Usage Role / Anchor Big / Rim Protector,1
WAS,Over Cap (MLE/Min only),Alex Len,Sign (Cap Space/MLE),"$3,634,153",Minimum/Low,Defensive Fit,Unknown / Anchor Big / Rim Protector,1
WAS,Over Cap (MLE/Min only),Mason Plumlee,Sign (Cap Space/MLE),"$3,634,153",Minimum/Low,Defensive Fit,"Elite Cutter, Elite Roll Man, Post Up / Anchor Big / Rim Protector",1
WAS,Over Cap (MLE/Min only),Doug McDermott,Sign (Cap Space/MLE),"$3,634,153",Minimum/Low,Defensive Fit,Unknown / Guards SF (),1
WAS,Over Cap (MLE/Min only),Spencer Dinwiddie,Sign (Cap Space/MLE),"$3,634,153",Minimum/Low,Defensive Fit,"Elite Iso, Elite Usage, High Playmaking / Guards SF ()",1
WAS,Over Cap (MLE/Min only),Seth Curry,Sign (Cap Space/MLE),"$3,634,153",Minimum/Low,Defensive Fit,"Elite Off-Screen, Spot Up, Transition / Guards SF ()",1
WAS,Over Cap (MLE/Min only),Chris Boucher,Sign (Cap Space/MLE),"$3,287,409",Minimum/Low,Defensive Fit,"High Spot Up, Transition / Versatile",1
WAS,Over Cap (MLE/Min only),Sandro Mamukelashvili,Sign (Cap Space/MLE),"$2,631,405",Minimum/Low,Defensive Fit,"High Spot Up, Transition / Versatile",1
WAS,Over Cap (MLE/Min only),Trendon Watford,Sign (Cap Space/MLE),"$2,631,405",Minimum/Low,Defensive Fit,"Elite P&R Handler, High Playmaking, High Usage / Versatile",1
LAL,Over Cap (MLE/Min only),Jaxson Hayes,Re-sign (Bird Rights),"$3,449,323",Minimum/Low,Defensive Fit,"Elite Cutter, Elite Roll Man, Post Up / Anchor Big / Rim Protector",1
LAL,Over Cap (MLE/Min only),Bismack Biyombo,Sign (Cap Space/MLE),"$3,634,153",Minimum/Low,Defensive Fit,Balanced / Low Usage Role / Anchor Big / Rim Protector,1
LAL,Over Cap (MLE/Min only),Alex Len,Sign (Cap Space/MLE),"$3,634,153",Minimum/Low,Defensive Fit,Unknown / Anchor Big / Rim Protector,1
CHI,Over Cap (MLE/Min only),Chris Boucher,Sign (Cap Space/MLE),"$3,287,409",Minimum/Low,Defensive Fit,"High Spot Up, Transition / Versatile",1
CHI,Over Cap (MLE/Min only),Sandro Mamukelashvili,Sign (Cap Space/MLE),"$2,631,405",Minimum/Low,Defensive Fit,"High Spot Up, Transition / Versatile",1
CHI,Over Cap (MLE/Min only),Trendon Watford,Sign (Cap Space/MLE),"$2,631,405",Minimum/Low,Defensive Fit,"Elite P&R Handler, High Playmaking, High Usage / Versatile",1
CHI,Over Cap (MLE/Min only),Bismack Biyombo,Sign (Cap Space/MLE),"$3,634,153",Minimum/Low,Defensive Fit,Balanced / Low Usage Role / Anchor Big / Rim Protector,1
CHI,Over Cap (MLE/Min only),Alex Len,Sign (Cap Space/MLE),"$3,634,153",Minimum/Low,Defensive Fit,Unknown / Anchor Big / Rim Protector,1
CHI,Over Cap (MLE/Min only),Mason Plumlee,Sign (Cap Space/MLE),"$3,634,153",Minimum/Low,Defensive Fit,"Elite Cutter, Elite Roll Man, Post Up / Anchor Big / Rim Protector",1
CHI,Over Cap (MLE/Min only),Doug McDermott,Sign (Cap Space/MLE),"$3,634,153",Minimum/Low,Defensive Fit,Unknown / Guards SF (),1
CHI,Over Cap (MLE/Min only),Spencer Dinwiddie,Sign (Cap Space/MLE),"$3,634,153",Minimum/Low,Defensive Fit,"Elite Iso, Elite Usage, High Playmaking / Guards SF ()",1
CHI,Over Cap (MLE/Min only),Seth Curry,Sign (Cap Space/MLE),"$3,634,153",Minimum/Low,Defensive Fit,"Elite Off-Screen, Spot Up, Transition / Guards SF ()",1
SAS,Over Cap (MLE/Min only),Adam Flagler,Re-sign (Bird Rights),"$2,296,274",Minimum/Low,Defensive Fit,Unknown / Guards SF (),1
SAS,Over Cap (MLE/Min only),Doug McDermott,Sign (Cap Space/MLE),"$3,634,153",Minimum/Low,Defensive Fit,Unknown / Guards SF (),1
SAS,Over Cap (MLE/Min only),Spencer Dinwiddie,Sign (Cap Space/MLE),"$3,634,153",Minimum/Low,Defensive Fit,"Elite Iso, Elite Usage, High Playmaking / Guards SF ()",1
SAS,Over Cap (MLE/Min only),Micah Potter,Re-sign (Bird Rights),"$2,461,463",Minimum/Low,Defensive Fit,"High Spot Up, Transition / Versatile",1
NOP,Over Cap (MLE/Min only),Kevon Looney,Re-sign (Bird Rights),"$8,000,000",Mid-Level,Defensive Fit,"Elite Cutter, Elite Roll Man, Post Up / Anchor Big / Rim Protector",1
NOP,Over Cap (MLE/Min only),Bismack Biyombo,Sign (Cap Space/MLE),"$3,634,153",Minimum/Low,Defensive Fit,Balanced / Low Usage Role / Anchor Big / Rim Protector,1
NOP,Over Cap (MLE/Min only),Alex Len,Sign (Cap Space/MLE),"$3,634,153",Minimum/Low,Defensive Fit,Unknown / Anchor Big / Rim Protector,1
NOP,Over Cap (MLE/Min only),Chris Boucher,Sign (Cap Space/MLE),"$3,287,409",Minimum/Low,Defensive Fit,"High Spot Up, Transition / Versatile",1
NOP,Over Cap (MLE/Min only),Sandro Mamukelashvili,Sign (Cap Space/MLE),"$2,631,405",Minimum/Low,Defensive Fit,"High Spot Up, Transition / Versatile",1
NOP,Over Cap (MLE/Min only),Trendon Watford,Sign (Cap Space/MLE),"$2,631,405",Minimum/Low,Defensive Fit,"Elite P&R Handler, High Playmaking, High Usage / Versatile",1
MEM,Over Cap (MLE/Min only),Cam Spencer,Re-sign (Bird Rights),"$2,599,130",Minimum/Low,Defensive Fit,"High Spot Up, Transition / Guards SF ()",1
MEM,Over Cap (MLE/Min only),Santi Aldama,Re-sign (Bird Rights),"$17,500,001",High Value,Defensive Fit,"High Spot Up, Transition / Versatile",1
MEM,Over Cap (MLE/Min only),Doug McDermott,Sign (Cap Space/MLE),"$3,634,153",Minimum/Low,Defensive Fit,Unknown / Guards SF (),1
MEM,Over Cap (MLE/Min only),Bismack Biyombo,Sign (Cap Space/MLE),"$3,634,153",Minimum/Low,Defensive Fit,Balanced / Low Usage Role / Anchor Big / Rim Protector,1
GSW,Over Cap (MLE/Min only),Pat Spencer,Re-sign (Bird Rights),$0,Minimum/Low,Defensive Fit,Unknown / Guards PG (High Disruptor),1
GSW,Over Cap (MLE/Min only),Al Horford,Re-sign (Bird Rights),"$5,827,125",Mid-Level,Defensive Fit,"High Spot Up, Transition / Versatile",1
GSW,Over Cap (MLE/Min only),Jonathan Kuminga,Re-sign (Bird Rights),"$23,400,000",High Value,Defensive Fit,"P&R Handler, Transition, Spot Up / Versatile",1
UTA,Over Cap (MLE/Min only),Oscar Tshiebwe,Re-sign (Bird Rights),$0,Minimum/Low,Defensive Fit,"Elite Cutter, Elite Roll Man, Post Up / Guards C (High Rebounding)",1
UTA,Over Cap (MLE/Min only),Moritz Wagner,Sign (Cap Space/MLE),"$5,000,000",Minimum/Low,Defensive Fit,"Elite Post Up, High Roll Man, High Usage / Guards C (High Rebounding)",1
UTA,Over Cap (MLE/Min only),Larry Nance Jr.,Sign (Cap Space/MLE),"$3,634,153",Minimum/Low,Defensive Fit,"Elite Cutter, Elite Roll Man, Post Up / Guards C (High Rebounding)",1
UTA,Over Cap (MLE/Min only),Doug McDermott,Sign (Cap Space/MLE),"$3,634,153",Minimum/Low,Defensive Fit,Unknown / Guards SF (),1
TOR,Over Cap (MLE/Min only),Doug McDermott,Sign (Cap Space/MLE),"$3,634,153",Minimum/Low,Defensive Fit,Unknown / Guards SF (),1
TOR,Over Cap (MLE/Min only),Spencer Dinwiddie,Sign (Cap Space/MLE),"$3,634,153",Minimum/Low,Defensive Fit,"Elite Iso, Elite Usage, High Playmaking / Guards SF ()",1
TOR,Over Cap (MLE/Min only),Seth Curry,Sign (Cap Space/MLE),"$3,634,153",Minimum/Low,Defensive Fit,"Elite Off-Screen, Spot Up, Transition / Guards SF ()",1
TOR,Over Cap (MLE/Min only),Sandro Mamukelashvili,Re-sign (Bird Rights),"$2,631,405",Minimum/Low,Defensive Fit,"High Spot Up, Transition / Versatile",1
TOR,Over Cap (MLE/Min only),Chris Boucher,Sign (Cap Space/MLE),"$3,287,409",Minimum/Low,Defensive Fit,"High Spot Up, Transition / Versatile",1
TOR,Over Cap (MLE/Min only),Trendon Watford,Sign (Cap Space/MLE),"$2,631,405",Minimum/Low,Defensive Fit,"Elite P&R Handler, High Playmaking, High Usage / Versatile",1
PHI,Over Cap (MLE/Min only),Kyle Lowry,Re-sign (Bird Rights),"$3,634,153",Minimum/Low,Defensive Fit,"P&R Handler, Transition, Spot Up / Guards SF ()",1
PHI,Over Cap (MLE/Min only),Eric Gordon,Re-sign (Bird Rights),"$3,634,153",Minimum/Low,Defensive Fit,"High Spot Up, Transition / Guards SF ()",1
PHI,Over Cap (MLE/Min only),Trendon Watford,Re-sign (Bird Rights),"$2,631,405",Minimum/Low,Defensive Fit,"Elite P&R Handler, High Playmaking, High Usage / Versatile",1
PHI,Over Cap (MLE/Min only),Bismack Biyombo,Sign (Cap Space/MLE),"$3,634,153",Minimum/Low,Defensive Fit,Balanced / Low Usage Role / Anchor Big / Rim Protector,1
CHA,Over Cap (MLE/Min only),Ryan Rollins,Sign (Cap Space/MLE),"$4,000,000",Minimum/Low,Defensive Fit,"P&R Handler, Transition, Spot Up / Guards PG (High Disruptor)",1
CHA,Over Cap (MLE/Min only),Gary Harris,Sign (Cap Space/MLE),"$3,725,007",Minimum/Low,Defensive Fit,"Elite Off-Screen, Spot Up, Transition / Guards PG (High Disruptor)",1
CHA,Over Cap (MLE/Min only),Cameron Payne,Sign (Cap Space/MLE),"$3,634,153",Minimum/Low,Defensive Fit,"Elite P&R Handler, High Playmaking, High Usage / Guards PG (High Disruptor)",1
CHA,Over Cap (MLE/Min only),Mason Plumlee,Re-sign (Bird Rights),"$3,634,153",Minimum/Low,Defensive Fit,"Elite Cutter, Elite Roll Man, Post Up / Anchor Big / Rim Protector",1
CHA,Over Cap (MLE/Min only),Bismack Biyombo,Sign (Cap Space/MLE),"$3,634,153",Minimum/Low,Defensive Fit,Balanced / Low Usage Role / Anchor Big / Rim Protector,1
CHA,Over Cap (MLE/Min only),Alex Len,Sign (Cap Space/MLE),"$3,634,153",Minimum/Low,Defensive Fit,Unknown / Anchor Big / Rim Protector,1
CHA,Over Cap (MLE/Min only),Chris Boucher,Sign (Cap Space/MLE),"$3,287,409",Minimum/Low,Defensive Fit,"High Spot Up, Transition / Versatile",1
CHA,Over Cap (MLE/Min only),Sandro Mamukelashvili,Sign (Cap Space/MLE),"$2,631,405",Minimum/Low,Defensive Fit,"High Spot Up, Transition / Versatile",1
CHA,Over Cap (MLE/Min only),Trendon Watford,Sign (Cap Space/MLE),"$2,631,405",Minimum/Low,Defensive Fit,"Elite P&R Handler, High Playmaking, High Usage / Versatile",1
PHX,Over Cap (MLE/Min only),Bismack Biyombo,Sign (Cap Space/MLE),"$3,634,153",Minimum/Low,Defensive Fit,Balanced / Low Usage Role / Anchor Big / Rim Protector,1
PHX,Over Cap (MLE/Min only),Alex Len,Sign (Cap Space/MLE),"$3,634,153",Minimum/Low,Defensive Fit,Unknown / Anchor Big / Rim Protector,1
PHX,Over Cap (MLE/Min only),Mason Plumlee,Sign (Cap Space/MLE),"$3,634,153",Minimum/Low,Defensive Fit,"Elite Cutter, Elite Roll Man, Post Up / Anchor Big / Rim Protector",1
PHX,Over Cap (MLE/Min only),Jared Butler,Re-sign (Bird Rights),"$2,461,463",Minimum/Low,Defensive Fit,"Elite P&R Handler, High Playmaking, High Usage / Guards PG (High Disruptor)",1
PHX,Over Cap (MLE/Min only),Collin Gillespie,Re-sign (Bird Rights),"$2,378,870",Minimum/Low,Defensive Fit,"P&R Handler, Transition, Spot Up / Guards PG (High Disruptor)",1
PHX,Over Cap (MLE/Min only),Ryan Rollins,Sign (Cap Space/MLE),"$4,000,000",Minimum/Low,Defensive Fit,"P&R Handler, Transition, Spot Up / Guards PG (High Disruptor)",1
PHX,Over Cap (MLE/Min only),Chris Boucher,Sign (Cap Space/MLE),"$3,287,409",Minimum/Low,Defensive Fit,"High Spot Up, Transition / Versatile",1
PHX,Over Cap (MLE/Min only),Sandro Mamukelashvili,Sign (Cap Space/MLE),"$2,631,405",Minimum/Low,Defensive Fit,"High Spot Up, Transition / Versatile",1
PHX,Over Cap (MLE/Min only),Trendon Watford,Sign (Cap Space/MLE),"$2,631,405",Minimum/Low,Defensive Fit,"Elite P&R Handler, High Playmaking, High Usage / Versatile",1
BKN,Over Cap (MLE/Min only),Day'Ron Sharpe,Re-sign (Bird Rights),"$6,250,000",Mid-Level,Defensive Fit,"Elite Cutter, Elite Roll Man, Post Up / Anchor Big / Rim Protector",1
BKN,Over Cap (MLE/Min only),Ryan Rollins,Sign (Cap Space/MLE),"$4,000,000",Minimum/Low,Defensive Fit,"P&R Handler, Transition, Spot Up / Guards PG (High Disruptor)",1
BKN,Over Cap (MLE/Min only),Gary Harris,Sign (Cap Space/MLE),"$3,725,007",Minimum/Low,Defensive Fit,"Elite Off-Screen, Spot Up, Transition / Guards PG (High Disruptor)",1
BKN,Over Cap (MLE/Min only),Cameron Payne,Sign (Cap Space/MLE),"$3,634,153",Minimum/Low,Defensive Fit,"Elite P&R Handler, High Playmaking, High Usage / Guards PG (High Disruptor)",1
DAL,Over Cap (MLE/Min only),Jeremiah Robinson-Earl,Re-sign (Bird Rights),"$2,461,463",Minimum/Low,Defensive Fit,"High Spot Up, Transition / Versatile",1
DAL,Over Cap (MLE/Min only),Chris Boucher,Sign (Cap Space/MLE),"$3,287,409",Minimum/Low,Defensive Fit,"High Spot Up, Transition / Versatile",1
DAL,Over Cap (MLE/Min only),Sandro Mamukelashvili,Sign (Cap Space/MLE),"$2,631,405",Minimum/Low,Defensive Fit,"High Spot Up, Transition / Versatile",1
DAL,Over Cap (MLE/Min only),Doug McDermott,Sign (Cap Space/MLE),"$3,634,153",Minimum/Low,Defensive Fit,Unknown / Guards SF (),1
DAL,Over Cap (MLE/Min only),Spencer Dinwiddie,Sign (Cap Space/MLE),"$3,634,153",Minimum/Low,Defensive Fit,"Elite Iso, Elite Usage, High Playmaking / Guards SF ()",1
DAL,Over Cap (MLE/Min only),Bismack Biyombo,Sign (Cap Space/MLE),"$3,634,153",Minimum/Low,Defensive Fit,Balanced / Low Usage Role / Anchor Big / Rim Protector,1
DAL,Over Cap (MLE/Min only),Alex Len,Sign (Cap Space/MLE),"$3,634,153",Minimum/Low,Defensive Fit,Unknown / Anchor Big / Rim Protector,1
